ccn,ccn_title,BPCC,BRCC,CLTCC,DCC,FTCC,LDCC,NCC,NTCC,RPCC,SLCC,STCC,LSU_AM,LSUA,LSUE,LSUS,GSU,LA_TECH,MCNEESE,NICHOLLS,NSU,SLU,ULL,ULM,UNO,SU_AM,SUNO,SUSLA
CACC 2113,Intro to Financial Accounting,ACCT 205,ACCT 2113,ACCT 2400,ACCT 205,ACCT 2100,ACCT 201,ACCT 2400,ACCT 2***,ACCT 2010,ACCT 2102 or 2103,ACCT 2030,ACCT 2001,ACCT 2001,ACCT 2001,ACCT 205,ACCT 201,ACCT 201,ACCT 208,ACCT 205,ACCT 2000,ACCT 200,ACCT 201,ACCT 2030,ACCT 2100,SACC 211B,ACCT 201N,ACCT 200S
CACC 2213,Intro to Managerial Accounting,ACCT 206,ACCT 2213,ACCT 2150,ACCT 211,ACCT 2110,ACCT 202,ACCT 2150,ACCT 2***,ACCT 2020,ACCT 2120,ACCT 2040,ACCT 2101,ACCT 2101,ACCT 2101,ACCT 206,ACCT 202,ACCT 202,ACCT 241,ACCT 206,ACCT 2010,ACCT 225,ACCT 202,ACCT 2020,ACCT 2130,SACC 221B,SACC 221N,ACCT 203S
CACC 2313,Principles of Accounting I,ACCT ***,ACCT 2313,ACCT 2110,ACCT 201,ACCT ***,ACCT 1100,ACCT 2110,ACCT 2***,ACCT ***,ACCT ***,ACCT ***,ACCT ***,ACCT ***,ACCT ***,ACCT ***,ACCT ***,ACCT ***,ACCT ***,ACCT ***,ACCT ***,ACCT 2***,ACCT ***,ACCT ***,ACCT ***,***,ACCT ***,ACCT 202S
CACC 2323,Principles of Accounting II,ACCT ***,ACCT 2323,ACCT 2120,ACCT 202,ACCT ***,ACCT 1200,ACCT 2020,ACCT 2***,ACCT ***,ACCT ***,ACCT ***,ACCT ***,ACCT ***,ACCT ***,ACCT ***,ACCT ***,ACCT ***,ACCT ***,ACCT ***,ACCT ***,ACCT 2***,ACCT ***,ACCT ***,ACCT ***,***,ACCT ***,ACCT 203S
CACC 2413,Computerized Accounting,ACCT 212,ACCT 2413,ACCT 2100,ACCT 221 or 222,ACCT 2500,ACCT 210 or 1500,ACCT 2100,ACCT 2***,ACCT 2413,ACCT 2115,ACCT 1210 or 1510,ACCT ***,ACCT ***,ACCT 2105,ACCT **,ACCT ***,ACCT ***,ACCT ***,ACCT ***,ACCT 1040,ACCT 2***,ACCT ***,ACCT ***,ACCT ***,***,ACCT ***,ACCT 220S
CACC 2513,Payroll,ACCT 218,ACCT 2513,ACCT ***,ACCT 218,ACCT 2250,ACCT1 250,ACCT ***,ACCT 2***,ACCT 1250,ACCT 2110,ACCT 1250,ACCT ***,ACCT ***,ACCT ***,ACCT ***,ACCT ***,ACCT ***,ACCT ***,ACCT ***,ACCT ***,ACCT 2***,ACCT ***,ACCT ***,ACCT ***,***,ACCT ***,ACCT ***
CACC 2613,Tax Accounting/Indiv idual,ACCT 210,ACCT 2613,ACCT 2200,ACCT 214,ACCT 2700,ACCT 214,ACCT 2200,ACCT 2***,ACCT ***,ACCT ***,ACCT 1150,ACCT ***,ACCT ***,ACCT 2030,ACCT ***,ACCT ***,ACCT ***,ACCT ***,ACCT ***,ACCT ***,ACCT 2***,ACCT ***,ACCT ***,ACCT ***,***,ACCT ***,ACCT 261S
CACC 2713,Intermediate Accounting I (Lower Level),ACCT ***,ACCT ***,ACCT ***,ACCT 212,ACCT 2300,ACCT 1300,ACCT ***,ACCT 2***,ACCT 2210,ACCT ***,ACCT ***,ACCT ***,ACCT ***,ACCT ***,ACCT ***,ACCT ***,ACCT ***,ACCT ***,ACCT ***,ACCT ***,ACCT 2***,ACCT ***,ACCT ***,ACCT ***,***,ACCT ***,ACCT 271S
CACC 3113,Cost Accounting (Upper Level),ACCT ***,ACCT ***,ACCT ***,ACCT ***,ACCT ***,ACCT ***,ACCT ***,,ACCT ***,ACCT ***,ACCT ***,ACCT 3121,ACCT 3121,ACCT ***,ACCT 330,ACCT 305,ACCT 308,ACCT 311,ACCT 306,ACCT 3080,ACCT 331,ACCT 305,ACCT 3020,ACCT 3131,ACCT 320B,SACC 311N,ACCT ***
CACC 3213,Tax I (Upper Level),ACCT ***,ACCT ***,ACCT ***,ACCT ***,ACCT ***,ACCT ***,ACCT ***,,ACCT ***,ACCT ***,ACCT ***,ACCT 3221,ACCT 3121,ACCT ***,ACCT 320,ACCT ***,ACCT 307,ACCT 317,ACCT 407,ACCT 3060,ACCT 341,ACCT 420,ACCT 3030,ACCT 3152,ACCT 310B,ACCT 421N,ACCT ***
CACC 3223,Tax II (Upper Level),ACCT ***,ACCT ***,ACCT ***,ACCT ***,ACCT ***,ACCT ***,ACCT ***,,ACCT ***,ACCT ***,ACCT ***,ACCT 4221,ACCT 3221,ACCT ***,ACCT 420,ACCT 304,ACCT 406,ACCT 319,ACCT 408,ACCT 4140,ACCT 442,ACCT 421,ACCT 4031,ACCT 4152,***,ACCT ***,ACCT ***
CACC 3313,Auditing (Upper Level),ACCT ***,ACCT ***,ACCT ***,ACCT ***,ACCT ***,ACCT ***,ACCT ***,,ACCT ***,ACCT ***,ACCT ***,ACCT 3***,ACCT 4123,ACCT ***,ACCT 440,ACCT 400,ACCT 413,ACCT 415,ACCT 403,ACCT 4080,ACCT 407,ACCT 409,ACCT 4020,ACCT 3161,ACCT 430B,ACCT 462 N,ACCT ***
CARB 1013 (3 Hr),Elementary Arabic I (3-4 credit hours),ARAB ***,GHUM 3,CLAN 3,GHUM 3 or CLAN 3,GHUM 3,ARAB ***,GHUM 3,ARAB ***,GHUM 3,GHUM 3,GHUM 3,ARAB ***,CLAN 3,GHUM (3-4),ARAB ***,CLAN 3,ARAB ***,,GHUM 3,FORL ***,FLAN 1***,ARAB 101,ARAB 1001,GHUM 3,ARAB 100,ARAB ***,GHUM 3
CARB 1014 (4 Hr),,ARAB ***,GHUM 3,,GHUM 4,GHUM 3,ARAB ***,ARAB ***,ARAB ***,GHUM 4,GHUM 3,GHUM 3,ARAB 1101,,GHUM (3-4),ARAB ***,,ARAB ***,,,FORL ***,FLAN 1***,,,,,ARAB ***,
CARB 1023 (3 Hr),Elementary Arabic II (3-4 credit hours),ARAB ***,GHUM 3,CLAN 3,GHUM 3,GHUM 3,ARAB ***,GHUM 3,ARAB ***,GHUM 3,GHUM 3,GHUM 3,ARAB ***,CLAN 3,GHUM (3-4),ARAB ***,CLAN 3,ARAB ***,,GHUM 3,FORL ***,FLAN 1***,ARAB 102,ARAB 1002,GHUM 3,ARAB 101,ARAB ***,GHUM 3
CARB 1024 (4 Hr),,ARAB ***,GHUM 3,,GHUM 4,GHUM 3,ARAB ***,ARAB ***,ARAB ***,GHUM 4,GHUM 3,GHUM 3,ARAB 1102,,GHUM (3-4),ARAB ***,,ARAB ***,,,FORL ***,FLAN 1***,,,,,ARAB ***,ARAB ***
CART 1013,Exploring the Arts,GFAR 3,GFAR 3,FIAR 1100,GFAR or CART 3,GFAR 3,HUMN 250,GFAR 3,GFAR 3,ARTS 1100,GFAR 3,GFAR 3,GFAR 3,FIAR 1003,GFAR 3,GFAR 3,ARTR 210,GFAR 3,ARTS 151,GFAR 3,FA 1040,GFAR 3,GFAR 3,GHUM 3,ARTS 1000,GFAR 3,GFAR 3,SFIA 101S
CART 1023,Intro to Visual Arts,ART 206,ARTS 1023,FIAR 1200,FNAR 121,ARTS 1200,ARTS 120,FIAR 1200,GFAR 3,ARTS 1010,GFAR 3,ARTS 1200,ART 1001,FIAR 1001,GFAR 3,FA 140,ART 105,ART 290,ART 251,ART 110,GFAR 3,GFAR 3,VIAR 120,ART 1009,FA 1010,SFIA 101B,FIAR 101N,SFIA 101S
CART 1113,Art Structure/2- D Design,ART 101,ARTS 1113,GFAR 3,GFAR 3,ARTS 2510,ARTS 105,GFAR 3,GFAR 3,GFAR 3,GFAR 3,GFAR 3,ART 1008,FIAR 1551,ART 1011,DA 150,ART 103,ART 115,ART 101,ART 251,ART 2560,ART 151 or 154,VIAR 101,ART 1001,FA 1050,,FIAR 120N,GFAR 3
CART 1123,3-D Design,ART 250,ARTS 1123,FIAR 1010,FNAR 158,GFAR 3,ARTS 107,FIAR 1010,GFAR 3,GFAR 3,GFAR 3,GFAR 3,ART 1009,GFAR 3,GFAR 3,FA 180,ART 217,ART 118,ART 245,ART 240,ART 1020,ART 153,VIAR 102,ART 1002,,,FIAR 222N,GFAR 3
CART 2103,Art History I,ART 201,ARTS 2103,FIAR 2400,FNAR 125,ARTS 2800,ARTS 201,FIAR 2400,ARTS 1010,ARTS 2510,ARTS 1100,GFAR 3,ARTH 1440,FIAR 2440,ART 1440,FA 240,ART 215,ART 266,ART 261,ART 280,GFAR 3,ART 105,VIAR 121,ART 2001,FA 2201,GFAR 3,FIAR ***,SFIA 101S
CART 2113,Art History II,ART 202,ARTS 2113,FIAR 2410,FNAR 126,ARTS 2810,ARTS 202,FIAR 2410,ARTS 1020,ARTS 2520,ARTS 1200,GFAR 3,ARTH 1441,FIAR 2441,ART 1441,FA 241,ART 216,ART 267,ART 262,ART 282,GFAR 3,ART 106,VIAR 122,ART 2002,FA 2202,GFAR 3,FIAR ***,SFIA 101S
CART 2203,Beginning Drawing,ART 103,ARTS 2203,FIAR 1000,FNAR 103,ARTS 2010,ARTS 103,FIAR 1000,ARTS 1000,ARTS 2100,ARTS 1210,GFAR 3,ART 1010,FIAR 1847,ART 1847,FA 100,ART 101,ART 125,ART 217,ART 201,ART 1060,ART 111,VIAR 111,ART 1003,FA 1060,SFIA 220B,FIAR 110N,SFIA 220S
CART 2213,Figure Drawing,ART ***,ARTS 2213,FIAR 1150,FNAR 212,ARTS 2030,ARTS 104,FIAR 1150,GFAR 3,GFAR 3,GFAR 3,GFAR 3,ART 1848,FIAR 1848,ART 1848,FA 200,ART 102,ART 225,GFAR 3,ART ***,ART 2120,ART 112,VIAR 211,ART 1004,FA 1061,GFAR 3,FIAR 211N,SFIA 221S
CART 2303,Color Theory,ART 210,GFAR 3,GFAR 3,GFAR 3,ARTS 2520,ARTS 106,GFAR 3,GFAR 3,GFAR 3,GFAR 3,ARTS 2303,ART 2552,FIAR 2552,GFAR 3,GFAR 3,ART 104,ART 116,ART 102,ART 252,ART 1010,ART 151,GFAR 3,Art ***,,GFAR 3,FIAR ***,SFIA 111S
CAST 1103,Astronomy/The Solar System,PHSC 110,ASTR 1103,GNAT 3,SCIE 111,GNAT 3,PHYS 110,GNAT 3,GNAT 3,GNAT 3,PHYS 1060,PHSC 1500,ASTR 1101,GNAT 3,ASTR 1101,ASTR 105,PHYS 120,PHYS 220,GNAT 3,ASTR 101,SCI 1120,GNAT 3,PHYS 160,PHYS 2001,PHYS 1005,,GNAT 3,GNAT 3
CAST 1113,Astronomy/Stars & Galaxies,GNAT 3,GNAT 3,GNAT 3,SCIE 112,GNAT 3,GNAT 3,GNAT 3,GNAT 3,GNAT 3,GNAT 3,GNAT 3,ASTR 1102,GNAT 3,ASTR 1102,ASTR 106,GNAT 3,PHYS 230,GNAT 3,ASTR 102,GNAT 3,GNAT 3,PHYS 170,PHYS 2001,PHYS 1006,,GNAT 3,GNAT 3
CATR 1013,Intro to Anthropology,GSOC 3,ANTH 1013,ANTH 1100,GSOC 3,GSOC 3,GSOC 3,ANTH 1100,GSOC 3,ANTH 1003,ANTH 1010,GSOC 3,GSOC 3,ANTH 1001,ANTH 1003,GSOC 3,GSOC 3,SOC 205,GSOC 3,GSOC 3,ANTH 1510,GSOC 3,ANTH 100,GSOC 3,ANTH 1010,,ANTH ***,GSOC 3
CATR 2013,Cultural Anthroplogy,ANTH 202,ANTH 2013,ANTH 1030,ANTH 160,GSOC 3,GSOC 3,GSOC 3,GSOC 3,GSOC 3,ANTH 2010,ANTH 2010,ANTH 1003,ANTH 1003,GSOC 3,GSOC 3,SOC 200,GSOC 3,ANTH 201,GSOC 3,ANTH 2010,ANTH 101,ANTH 201,GSOC 3,ANTH 2052,,ANTH ***,GSOC 3
CATR 2023,Biological Anthropology,ANTH 201,GSOC 3,GSOC 3,ANTH 165,GSOC 3,GSOC 3,GSOC 3,GSOC 3,ANTH 2010,ANTH 2020,GSOC 3,ANTH 1001,GSOC 3,GSOC 3,GSOC 3,GSOC 3,GSOC 3,ANTH 202,GSOC 3,GSOC 3,ANTH 110,ANTH 202,GSOC 3,ANTH 2051,,ANTH ***,GSOC 3
CBIO 1011,General Biology I Lab,BLGY 105L,BIOL1011,BIOL 1070,BIOL 107,BIOL 1011,BIOL 103,BIOL 1070,GNAT 1,BIOL 1010L,BIOL 1011,BIOL 1011,GNAT 1,BIOL 1003,BIOL 1003,BIOS 101L,BIOL 105,GNAT 1,GNAT 1,GNAT 1,GNAT 1,BIOL 1***,BIOL 123,BIOL ***,GNAT 1,SBIO 101LB,SBIO 101LN,GNAT 1
CBIO 1013,General Biology I,BLGY 105,BIOL1013,BIOL 1060,BIOL 101,BIOL 1010,BIOL 101,BIOL 1060,BIOL 1010,BIOL 1010,BIOL 1000,BIOL 1010,BIOL 1001,BIOL 1001,BIOL 1001,BIOS 101,BIOL 103,BISC 101,BIOL 105,BIOL 105,SCI 1020,GBIO 106,BIOL 121,GNAT 3,BIOS 1053,SBIO10 1B,SBIO 101N,SBIO 101S
CBIO 1021,General Biology II Lab,BLGY 106L,BIOL1021,BIOL 1090,BIOL 108,BIOL 1021,BIOL 104,BIOL 1090,GNAT 1,BIOL 1020L,BIOL 1021,BIOL 1021,GNAT 1,BIOL 1004,GNAT 1,GNAT 1,BIOL 106,GNAT 1,GNAT 1,GNAT 1,GNAT 1,GNAT 1,GNAT 1,BIOL ***,GNAT 1,SBIO 102LB,SBIO 102LN,GNAT 1
CBIO 1022,General Biology Lab (I + II),BLGY 105L & 106L,BIOL 1011 & 1021,BIOL 1070 & BIOL 1090,BIOL 107 & 108,BIOL 1011 & 1021,BIOL 103 & BIOL 104,BIOL 1070 & 1090,GNAT 2,BIOL 1010L & 1020L,BIOL 1011 & 1021,BIOL 1011 & 1021,BIOL 1005,BIOL 1003 & 1004,BIOL 1005,BIOS 101L & BIOL ***,BIOL 105 & 106,BISC ***,GNAT 2,GNAT 2,GNAT 4,GNAT 2,BIOL 123 & GNAT 1,GNAT 2,GNAT 3,SBIO 101LB & SBIO 102LB,SBIO 101LN & 102LN,GNAT 2
CBIO 1023,General Biology II,BLGY 106,BIOL 1023,BIOL 1080,BIOL 102,BIOL 1020,BIOL 102,BIOL 1080,BIOL 1020,BIOL 1020,BIOL 1002,BIOL 1020,BIOL 1002,BIOL 1002,BIOL 1002,BIOS 104/5/ 6/7/8/9,BIOL 104,BISC 102,BIOL 106,BIOL 106,SCI 2020,GBIO 107,BIOL 122,GNAT 3,BIOS 1063,SBIO 102B,SBIO 102N,GNAT 3
CBIO 1031,General Biology I Lab (Science Majors),BLGY 101L,BIOL1031,BIOL 1110,BIOL 143,BIOL 1031,BIOL 203,BIOL 1110,BIOL 1015,BIOL 1203,BIOL 1011,BIOL 1031,BIOL 1207/1208,GBIO 1,BIOL 1207 / 1208,BIOS 120L,BIOL 115,BISC 131,BIOL 101L,BIOL ***,BIOL 1011,BIOL 152,BIOL 112,BIOL 1021,BIOS 1081,,SBIO 103LN,SBIO 103LS
CBIO 1033,General Biology I (Science Majors),BLGY 101,BIOL1033,BIOL 1100,BIOL 141,BIOL 1030,BIOL 201,BIOL 1100,BIOL 1100,BIOL 1201,BIOL 1010,BIOL 1033,BIOL 1201,GBIO 3,BIOL 1201,BIOS 120,BIOL 113,BISC 130,BIOL 101,BIOL ***,BIOL 1010,GBIO 151,BIOL 110,BIOL 1020,BIOS 1083,GNAT 3,SBIO 103N,SBIO 103S
CBIO 1034,General Biology I Lec + Lab (Science Majors),BLGY 101 & 101L,BIOL 1033 & 1031,BIOL 1100 & 1110,BIOL 141 & 143,GNAT 3,BIOL 201 & 203,BIOL 1100 & 1110,BIOL 1100 & 1015,BIOL 1201 & 1203,BIOL 1010 & 1011,BIOL 1033 & 1031,BIOL 1201 & 1207 or 1208,BIOL 1201,BIOL 1201 & 1207/12 08,BIOS 120 & 120L,BIOL 113 & 115,BISC 130 & 131,BIOL 101 & 101L,BIOL 155,BIOL 1010 & 1011,GBIO 151 & 152,BIOL 110 & 112,BIOL 1020 & 1021,BIOS 1083 & 1081,SBIO 103B,SBIO 103N & 103LN,GNAT 4
CBIO 1041,General Biology II Lab (Science Majors),BLGY 102L,BIOL 1041,BIOL 1210,BIOL 144,BIOL10 40,BIOL 204,BIOL 1210,BIOL 1025,BIOL 1204,BIOL 1021,BIOL 1041,BIOL 1209,GBIO 1,BIOL 1209,BIOL 110L,BIOL 116,BISC 133,BIOL 102L,BIOL ***,BIOL 1021,BIOL 154,BIOL 113,BIOL 1023,BIOS 1071,,SBIO 104LN,GNAT 4
CBIO 1043,General Biology II (Science Majors),BLGY 102,BIOL 1043,BIOL1200,BIOL 142,BIOL 1200,BIOL 202,BIOL 1200,BIOL 1200,BIOL 1202,BIOL 1020,BIOL 1043,BIOL 1202,GBIO 3,BIOL 1202,BIOS 110,BIOL 114,BISC 132,BIOL 102,BIOL ***,BIOL 1020,GBIO 153,BIOL 111,BIOL 1022,BIOS 1073,GNAT 3,SBIO 104N,SBIO 104S
CBIO 1044,General Biology II Lec + Lab (Sci Majors),BLGY 102 & 102L,BIOL 1043 & 1041,BIOL1200 & 1210,BIOL 142 & 144,GNAT 3,BIOL 202 & 204,BIOL 1200 & 1210,BIOL 1200 & 1025,BIOL 1202 & 1204,BIOL 1020 & 1021,BIOL 1043 & 1041,BIOL 1202 & 1209 or BIOL 1503,BIOL 1202,BIOL 1202 + 1209 or BIOL 1503,BIOL 110 & 110L,BIOL 114 & 116,BISC 132 & 133,BIOL 102 & 102L,BIOL 156,BIOL 1020 & 1021,GBIO 153 & 154,BIOL 111 & 113,BIOL 1022 & 1023,BIOS 1073 & 1071,BIOL 109,SBIO 104N & 104LN,GNAT 3
CBIO 2101,General Microbiology Lab,BLGY ***,BIOL 2101,GNAT 1,GNAT or CBIO 1,GNAT 1,GNAT 1,GNAT 1,GNAT 1,BIOL 2110L,GNAT 1,GNAT 1,BIOL 1012,GNAT 1,GNAT 1,GNAT 1,GNAT 1,BISC ***,BIOL ***,BIOL ***,GNAT 1,MICL 2***,BIOL 264,GNAT 1,BIOS 2741,GNAT 1,GNAT 1,GNAT 1
CBIO 2103,General Microbiology,BLGY ***,BIOL 2103,GNAT 3,BIOL 211,GNAT 3,GNAT 3,GNAT 3,GNAT 3,BIOL 2110,GNAT 3,GNAT 3,BIOL 1011,GNAT 3,GNAT 3,GNAT 3,GNAT 3,BISC ***,GNAT 3,BIOL 205,GNAT 3,MIC 2***,BIOL 261,GNAT 3,BIOS 2743,GNAT 3,GNAT 3,GNAT 3
CBIO 2104,General Microbiology Lec + Lab,BLGY ***,BIOL 2103 & BIOL 2101,GNAT 4,GNAT 4,GNAT 3,GNAT 3,GNAT 4,GNAT 4,BIOL 2110 & 2110L,GNAT 4,GNAT 4,BIOL 1011 & 1012,GNAT 4,GNAT 4,GNAT 4,GNAT 4,BISC 214,BIOL ***,BIOL 205 & BIOL ***,GNAT 4,GBIO 2*** & BIOL 2***,BIOL 261 & 264,GNAT 4,BIOS 2741 & 2743,GNAT 4,GNAT 4,GNAT 4
CBIO 2113,Microbiology for Nursing & Allied Health,BLGY 202,BIOL ***,GNAT 3,GNAT 3,BIOL 2030,GNAT 3,GNAT 3,BIOL 2230,GNAT 3,GNAT 3,BIOL 2113,BIOL 1011,GNAT 3,GNAT 3,GNAT 3,GNAT 3,BISC ***,GNAT 3,BIOL 205,BIOL 2210,MIC 223,BIOL 261,BIOL 2016,BIOS ***,SBIO 211B,SBIO 220N,GNAT 3
CBIO 2121,General Microbiology Lab (Science Majors),BLGY 206L,BIOL 2121,BIOL 2010,BIOL 212,BIOL 2121,BIOL 211,BIOL 2010,GNAT 1,BIOL 2110L,BIOL 2101,BIOL 2101,GNAT 1,GNAT 1,GNAT 1,GNAT 1,GNAT 1,BISC ***,BIOL ***,BIOL 204,BIOL 2061,MICL 207,BIOL 264,BIOL 2015,BIOS 2741,,SBIO 212LN,SBIO 212LS
CBIO 2123,General Microbiology (Science Majors),BLGY 206,BIOL 2123,BIOL 2000,BIOL 210,BIOL 2123,BIOL 210,BIOL 2000,GNAT 3,BIOL 2110,BIOL 2100,BIOL 2103,GNAT 3,GNAT 3,GNAT 3,GNAT 3,GNAT 3,BISC ***,GNAT 3,BIOL 203,BIOL 2060,MIC 205,BIOL 261,BIOL 2014,BIOS 2743,,SBIO 212N,SBIO 2312S
CBIO 2124,General Microbiology (Sci Majors) Lec + Lab,BLGY 206 & 206L,BIOL 2123 & BIOL 2121,BIOL 2010 & 2000,BIOL 210 & 212,GNAT 3,BIOL 210 & 211,BIOL 2000 & 2010,GNAT 4,BIOL 2110 & 2110L,BIOL 2100 & 2101,BIOL 2104,BIOL 2051,BIOL 2051,BIOL 2051,GNAT 4,GNAT 4,BISC 260,BIOL 211,BIOL 203 & 204,BIOL 2060 & 2061,MIC 205 & 207,BIOL 261 & 264,BIOL 2014 and 2015,BIOS 2743 & 2741,SBIO 212B,SBIO 212N & 212LN,GNAT 4
CBIO 2131,Cell Biology Lab,BLGY ***,BIOL***,GNAT 1,BIOL 266,CBIO 1,GNAT 1***,GNAT 1,GNAT 1,GNAT 3,GNAT 1,GNAT 1,GNAT 1,GNAT 1,GNAT 1,GNAT 1,GNAT 1,BISC ***,BIOL ***,BIOL ***,GNAT 1,BIOL 2***,BIOL 231,BIOL ***,BIOS ***,,GNAT 1,BIOL 260LS
CBIO 2133,Cell Biology,BLGY ***,BIOL***,GNAT 3,BIOL 265,GNAT 3,BIOL 227,GNAT 3,GNAT 3,GNAT 3,GNAT 3,GNAT 3,GNAT 3,GNAT 3,GNAT 3,GNAT 3,GNAT 3,BISC ***,GNAT 3,BIOL ***,GNAT 1,GBIO 200,BIOL 230,BIOL 2020,BIOS ***,,GNAT 3,BIOL 260S
CBIO 2134,Cell Biology Lec + Lab,BLGY ***,BIOL***,GNAT 4,BIOL 265 & 266,GNAT 4,GNAT 4,GNAT 4,GNAT 4,GNAT 3,GNAT 4,GNAT 4,GNAT 4,GNAT 4,BIOL 2151,GNAT 4,GNAT 4,BISC ***,BIOL ***,BIOL ***,GNAT 4,GBIO 200 & BIOL 2***,BIOL 230 & 231,BIOL 2020 & BIOL ***,BIOS 2114,,GNAT 4,BIOL 260S & 260LS
CBIO 2211,Human Anatomy and Physiology I Lab,BLGY 230L,BIOL 2211,BIOL 2310,BIOL 253,BIOL 1150,BIOL 223,BIOL 2310,BIOL 2215,BIOL 2500L,BIOL 2023,BIOL 2251,GNAT 1,GNAT 1,GNAT 1,BIOS 284L,GNAT 1,BISC 226,BIOL ***,BIOL 115,BIOL 2251,ZOOL 252,GNAT 1,BIOL 1016,BIOS 1301,,SBIO 221NL,SBIO 221LS
CBIO 2213,Human Anatomy and Physiology I,BLGY 230,BIOL 2213,BIOL 2300,BIOL 251,BIOL 1140,BIOL 221,BIOL 2300,BIOL 2200,BIOL 2500,BIOL 2022,BIOL 2253,BIOL 2160 part 1 of 2 and KIN 2500 part 1 of 2,GNAT 3,GNAT 3,BIOS 284,BIOL 303,BISC 225,GNAT 3,BIOL 114,BIOL 2250,ZOOL 250,GNAT 3,BIOL 1014,BIOS 1303,,SBIO 221N,GNAT 3
CBIO 2214,Human Anatomy and Physiology I (Lec + Lab),BLGY 230 & 230L,BIOL 2213 & BIOL 2211,BIOL 2300 & 2310,BIOL 251 & 253,BIOL 1140 & 1150,BIOL 221 & 223,BIOL 2300 & 2310,BIOL 2200 & BIOL 2215,BIOL 2500 & 2500L,BIOL 2022 & 2023,BIOL 2253 & BIOL 2251,GNAT 4,BIOL 1161,GNAT 4,BIOS 284 & 284L,GNAT 4,BISC 225 & 226,BIOL 225,BIOL 114 & 115,BIOL22 50 & 2251,ZOO 250 & 252,GNAT 4,BIOL 1014 & 1016,BIOS 1303 & 1301,,SBIO 221N & 221LN,GNAT 4
CBIO 2221,Human Anatomy and Physiology II Lab,BLGY 231L,BIOL 2221,BIOL 2410,BIOL 254,BIOL 1170,BIOL 224,BIOL 2410,BIOL 2315,BIOL 2510L,BIOL 2033,BIOL 2261,GNAT 1,GNAT 1,GNAT 1,BIOS 285L,GNAT 1,BISC 228,BIOL ***,BIOL 117,BIOL 2261,ZOOL 253,GNAT 1,BIOL 1017,BIOS 1311,,SBIO 222LN,BIOL 222LS
CBIO 2223,Human Anatomy and Physiology II,BLGY 231,BIOL 2223,BIOL 2400,BIOL 252,BIOL 1160,BIOL 222,BIOL 2400,BIOL 2300,BIOL 2510,BIOL 2032,BIOL 2263,BIOL 2160 part 2 of 2 and KIN 2500 part 2 of 2,GNAT 3,GNAT 3,BIOS 285,GNAT 3,BISC 227,GNAT 3,BIOL 116,BIOL 2260,ZOOL 251,GNAT 3,BIOL 1015,BIOS 1313,,SBIO 222N,BIOL 222S
CBIO 2224,Human Anatomy and Physiology II (Lec + Lab),BLGY 231 & 231L,BIOL 2223 & BIOL 2221,BIOL 2410 & 2400,BIOL 252 & 254,BIOL 1160 & 1170,BIOL 222 & 224,BIOL 2400 & 2410,BIOL 2300 & BIOL 2315,BIOL 2510 & 2510L,BIOL 2032 & 2033,BIOL 2263 & BIOL 2261,GNAT 4,BIOL 1162,GNAT 4,BIOS 285 & 285L,GNAT 4,BISC 227 & 228,BIOL 226,BIOL 116 & 117,BIOL 2260 & 2261,ZOO 251 & 253,GNAT 4,BIOL 1015 & 1017,BIOS 1313 & 1311,,SBIO 222N & 222LN,GNAT 4
CBIO 2231,Comparative Anatomy Lab,BLGY ***,BIOL***,GNAT 1,BIOL 209,GNAT 1,GNAT 1,GNAT 1,GNAT 1,GNAT 1,CBIO 1,CBIO 1,GNAT 1,GNAT 1,GNAT 1,GNAT 1,GNAT 1,BISC ***,BIOL ***,BIOL ***,BIOL 2081,GNAT 1,GNAT 1,BIOL ***,BIOS ***,,SBIO 233LN,GNAT 1
CBIO 2233,Comparative Anatomy,BLGY ***,BIOL***,GNAT 3,BIOL 207,GNAT 3,GNAT 3,GNAT 3,GNAT 3,GNAT 3,GNAT 3,GNAT 3,GNAT 3,GNAT 3,GNAT 3,GNAT 3,GNAT 3,BISC ***,GNAT 3,BIOL ***,BIOL 2080,GNAT 3,GNAT 3,BIOL ***,BIOS ***,SBIO 233B,SBIO 233N,GNAT 3
CBIO 2234,Comparative Anatomy Lec + Lab,BLGY ***,BIOL ***,GNAT 4,BIOL 207 & 209,GNAT 4,GNAT 4,GNAT 4,GNAT 4,GNAT 4,GNAT 4,GNAT 4,GNAT 4,GNAT 4,BIOL 2152,GNAT 4,GNAT 4,BISC ***,BIOL 250,BIOL ***,BIOL 2080 & 2081,GNAT 4,GNAT 4,BIOL ***,BIOS ***,,SBIO 233N & 233LN,GNAT 4
CBIO 2311,Botany I Lab,BLGY ***,BIOL***,BIOL 2230,BIOL 203,GNAT 1,GNAT 1,BIOL 2230,GNAT 1,GNAT 1,GNAT 1,GNAT 1,GNAT 1,GNAT 1,GNAT 1,BIOS 224L,GNAT 1,BISC 217,BIOL ***,BIOL ***,BIOL 2101,BOT 2***,GNAT 1,BIOL 2005,BIOS ***,,SBIO 231LN,GNAT 1
CBIO 2313,Botany I,BLGY ***,GNAT 3,BIOL 2220,BIOL 201,GNAT 3,GNAT 3,BIOL 2220,GNAT 3,GNAT 3,GNAT 3,GNAT 3,GNAT 3,GNAT 3,GNAT 3,BIOS 224,GNAT 3,BISC 216,GNAT 3,BIOL ***,BIOL 2100,BOT 2***,GNAT 3,BIOL 2004,BIOS ***,,SBIO 231N,GNAT 3
CBIO 2314,Botany I Lec + Lab,BLGY ***,BIOL ***,BIOL 2220 & 2230,BIOL 201 & 203,GNAT 4,GNAT 4,BIOL 2220 & 2230,GNAT 4,GNAT 4,BIOL 2014,GNAT 4,RNR 2900/HORT 2900 (3 cr hrs),GNAT 4,BOTY 1202,BIOS 224 & 224L,GNAT 4,BISC 216 & 217,BIOL ***,BIOL ***,BIOL 2100 & 2101,BOT 205,GNAT 4,BIOL 2004 & 2005,BIOS ***,AGSC 210,SBIO 231N & 231LN,GNAT 4
CBIO 2511,Intro to Genetics Lab,BLGY ***,BIOL ***,GNAT 1,BIOL 246,GNAT 1,GNAT 1,GNAT 1,GNAT 1,GNAT 1,GNAT 1,GNAT 1,GNAT 1,GNAT 1,GNAT 1,GNAT 1,GNAT 1,BISC ***,BIOL ***,BIOL ***,GNAT 1,BIOL 1***,BIOL 234,BIOL ***,BIOS ***,,GNAT 1,GNAT 1
CBIO 2513,Intro to Genetics,BLGY 244,BIOL 2513,BIOL 2050,BIOL 245,GNAT 3,BIOL 226,BIOL 2050,GNAT 3,GNAT 3,GNAT 3,GNAT 3,BIOL 2153,BIOL 2153,GNAT 3,GNAT 3,GNAT 3,BISC 200,GNAT 3,BIOL ***,BIOL 2240,GBIO 1***,BIOL 233,BIOL ***,BIOS ***,,GNAT 3,GNAT 1
CBIO 2514,Intro to Genetics Lec + Lab,BLGY ***,BIOL ***,GNAT 4,BIOL 245 & 246,GNAT 4,GNAT 4,GNAT 4,GNAT 4,GNAT 4,GNAT 4,GNAT 4,GNAT 4,GNAT 4,BIOL 2153,GNAT 4,GNAT 4,BISC ***,BIOL ***,BIOL ***,BIOL 2240 & GNAT,GBIO 1*** & BIOL 1***,BIOL 233 & 234,BIOL ***,BIOS 2014,AGSC 410,GNAT 4,GNAT 4
CBIO 2601,Intro to Zoology Lab,BLGY ***,BIOL***,GNAT 1,GNAT or CBIO 3,CBIO 1,BIOL 231,GNAT 1,GNAT 1,GNAT 1,GNAT 1,GNAT 1,GNAT 1,GNAT 1,GNAT 1,BIOS 222L,GNAT 1,BISC ***,BIOL ***,BIOL ***,GNAT 1,ZOOL 1***,GNAT 1,BIOL ***,BIOS ***,,SBIO 260LN,GNAT 1
CBIO 2603,Intro to Zoology,BLGY ***,BIOL***,GNAT 3,GNAT or CBIO 3,GNAT 3,BIOL 230,GNAT 3,GNAT 3,GNAT 3,GNAT 3,GNAT 3,GNAT 3,GNAT 3,GNAT 3,BIOS 222,GNAT 3,BISC ***,GNAT 3,BIOL ***,GNAT 3,ZOO 1***,GNAT 3,BIOL ***,BIOS ***,,SBIO 260N,GNAT 3
CBIO 2703,Nutrition,BLGY 203,BIOL 2703,BIOL 1500,GNAT or CBIO 3,GNAT 3,BIOL 225,BIOL 1500,GNAT 4,BIOL 2600,BIOL 2042,GNAT 3,NFS 1110,GNAT 3,NUTR 3,BIOS ***,FN 205,BISC ***,NFSC 131,DIET ****,NUTR 1030,GBIO 1***,IPHE 200,HLST 2007,BIOS 2313,FCSC 230,GNAT 3,GNAT 3
CBIO 3231,Comparative Anatomy Lab (Upper Level),BLGY ***,BIOL ***,GNAT 1,BIOL ***,CBIO 1,BIOL ***,GNAT 1,GNAT 1,GNAT 1,GNAT 1,GNAT 1,GNAT 1,GNAT 1,GNAT 1,GNAT 1,GNAT 1,BISC ***,BIOL ***,BIOL ***,GNAT 1,ZOOL 3***,GNAT 1,BIOL ***,BIOS ***,,GNAT 1,GNAT 1
CBIO 3233,Comparative Anatomy (Upper Level),BLGY ***,BIOL ***,GNAT 3,BIOL ***,GNAT 3,BIOL ***,GNAT 3,GNAT 3,GNAT 3,GNAT 3,GNAT 3,GNAT 3,GNAT 3,GNAT 3,GNAT 3,GNAT 3,BISC ***,GNAT 3,BIOL ***,GNAT 3,ZOOL 3***,GNAT 3,BIOL ***,BIOS ***,,GNAT 3,GNAT 3
CBIO 3234,Comparative Anatomy Lec + Lab (Upper Level),BLGY ***,BIOL ***,GNAT 4,BIOL ***,GNAT 4,BIOL ***,GNAT 4,GNAT 4,GNAT 4,GNAT 4,GNAT 4,BIOL 3152,BIOL 3152,GNAT 4,GNAT 4,BIOL 419,BISC ***,BIOL ***,BIOL 373,GNAT 4,ZOO 302,BIOL 436(G),BIOL 3016,BIOS 4353,,GNAT 4,GNAT 4
CBIO 3401,Biochemistry I Lab (Upper Level),BLGY ***,BIOL***,GNAT 1,BIOL ***,CBIO 1,BIOL ***,GNAT 1,GNAT 1,GNAT 1,GNAT 1,GNAT 1,GNAT 1,GNAT 1,GNAT 1,BCHM 410L,GNAT 1,CHEM 353,CHEM 421L,CHEM 437,CHEM 4041,CLAB 485,CHEM 319,CHEM 3051,BIOS ***,,SBIO 340LN,GNAT 1
CBIO 3403,Biochemistry I (Upper Level),BLGY ***,BIOL***,GNAT 3,BIOL ***,GNAT 3,BIOL ***,GNAT 3,GNAT 3,GNAT 3,GNAT 3,GNAT 3,BIOL 4093,GNAT 3,GNAT 3,BCHIM 410,CHEM 461,CHEM 351,CHEM 421,CHEM 435,CHEM 4040,CHEM 481,CHEM 317,CHEM 3050,BIOS 4103,,SBIO 340N,GNAT 3
CBIO 3521,Genetics Lab (Upper Level),BLGY ***,BIOL ***,GNAT 1,BIOL ***,CBIO 1,BIOL ***,GNAT 1,GNAT 1,GNAT 1,GNAT 1,GNAT 1,GNAT 1,GNAT 1,GNAT 1,BIOS 363L,GNAT 1,BISC ***,BIOL ***,BIOL ***,BIOL 3271,BIOL 314,GNAT 1,BIOL 3006,BIOS ***,BIOL 352B,SBIO 352LN,GNAT 1
CBIO 3523,Genetics (Upper Level),BLGY ***,BIOL***,GNAT 3,BIOL ***,GNAT 3,BIOL ***,GNAT 3,GNAT 3,GNAT 3,GNAT 3,GNAT 3,RNR 4103,GNAT 3,GNAT 3,BIOS 363,GNAT 3,BISC 310,GNAT 3,BIOL ***,BIOL 3270,GBIO 312,GNAT 3,BIOL 3005,BIOS 3453,BIOL 352B & BIOL ***,SBIO 352N,GNAT 3
CBIO 3524,Genetics Lec + Lab (Upper Level),BLGY ***,BIOL***,GNAT 4,BIOL ***,GNAT 4,BIOL ***,GNAT 4,GNAT 4,GNAT 4,GNAT 4,GNAT 4,GNAT 4,GNAT 4,GNAT 3,BIOS 363 & 363L,BIOL 302,BISC ***,BIOL 315,BIOL 320,BIOL 3270 & 3271,GBIO 312 & BIOL 314,GNAT 4,BIOL 3005 & 3006,BIOS ***,,SBIO 352N & 352LN,GNAT 4
CBIO 3603,Entomology,BLGY ***,BIOL ***,GNAT 3,BIOL ***,GNAT 3,BIOL ***,GNAT 3,GNAT 3,GNAT 3,GNAT 3,GNAT 3,ENTM 4002,BIOL 3001,GNAT 3,BIOS ***,GNAT 3,BISC 314,GNAT 3,BIOL 314,BIOL 3010,ZOO 409,BIOL 321,BIOL ***,BIOS 4974,BIOL 361B & UFOR 371B,GNAT 3,GNAT 3
CBIO 3613,Histology,BLGY ***,BIOL ***,GNAT 3,BIOL ***,GNAT 3,BIOL ***,GNAT 3,GNAT 3,GNAT 3,GNAT 3,GNAT 3,GNAT 3,GNAT 3,GNAT 3,BIOS 434,GNAT 3,BISC 407,GNAT 3,BIOL 304,BIOL 3170,ZOO 332,BIOL 434(G),BIOL ***,BIOS 3284,BIOL 362B,GNAT 3,GNAT 3
CBIO 3623,Parasitology,BLGY ***,BIOL ***,GNAT 3,BIOL ***,GNAT 3,BIOL ***,GNAT 3,GNAT 3,GNAT 3,GNAT 3,GNAT 3,BIOL 4105,GNAT 3,GNAT 3,BIOS 380,GNAT 3,BISC ***,GNAT 3,BIOL ***,VET 3100,ZOO 455,BIOL 351,BIOL 4072,BIOS 3953,,BIOL 362N,BIOL 235S
CBIO 3633,Animal Physiology,BLGY ***,BIOL ***,GNAT 3,BIOL ***,GNAT 3,BIOL ***,GNAT 3,GNAT 3,GNAT 3,GNAT 3,GNAT 3,BIOL 4160,BIOL 3150,GNAT 3,BIOS 387,GNAT 3,BISC 320,GNAT 3,BIOL 326,BIOL 4220,ZOO 392,GNAT 3,BIOL ***,BIOS 3354,AGSC 430,BIOL 363N,GNAT 3
CBIO 3643,Evolutionary Biology,BLGY ***,BIOL ***,GNAT 3,BIOL ***,GNAT 3,BIOL ***,GNAT 3,GNAT 3,GNAT 3,GNAT 3,GNAT 3,BIOL 3040,BIOL 3040,GNAT 3,BIOS 470,GNAT 3,BISC 426,GNAT 3,BIOL 370,BIOL 3280,GBIO 405,GNAT 3,BIOL 3008,BIOS 4524,,GNAT 3,GNAT 3
CBIO 4141,Cell Biology Lab (Upper Level),BLGY ***,BIOL***,GNAT 1,BIOL ***,GNAT 1,BIOL ***,GNAT 1,GNAT 1,GNAT 1,GNAT 1,GNAT 1,GNAT 1,GNAT 1,GNAT 1,BIOS 420L,BIOL 461,BISC ***,BIOL ***,BIOL 441,GNAT 1,ZOOL 4***,BIOL 458,BIOL ***,BIOS ***,,SBIO 414LN,GNAT 1
CBIO 4143,Cell Biology (Upper Level),BLGY ***,BIOL***,GNAT 3,BIOL ***,GNAT 3,BIOL ***,GNAT 3,GNAT 3,GNAT 3,GNAT 3,GNAT 3,BIOL 3090,GNAT 3,GNAT 3,BIOS 420,BIOL 459,BISC 315,BIOL 414,BIOL 440,BIOL 3250,ZOO 488,BIOL 457,BIOL ***,BIOS ****,,SBIO 414N,GNAT 3
CBIO 4144,Cell Biology Lec + Lab (Upper Level),BLGY ***,BIOL***,GNAT 4,BIOL ***,GNAT 4,BIOL ***,GNAT 4,GNAT 4,GNAT 4,GNAT 4,GNAT 4,GNAT 4,GNAT 4,GNAT 4,BIOS 420 & 420L,BIOL 459 & 461,BISC ***,BIOL ***,BIOL 440 & 441,BIOL 3250 GNAT 1,ZOO 488 & ZOOL 4***,BIOL 457 & 458,BIOL ***,BIOS ***,,SBIO 414N & 414LN,GNAT 4
CBIO 4411,Biochemistry II Lab (Upper Level),BLGY ***,BIOL***,GNAT 1,BIOL ***,CBIO 1,BIOL ***,GNAT 1,GNAT 1,GNAT 1,GNAT 1,GNAT 1,GNAT 1,GNAT 1,GNAT 1,BCHM 412L,GNAT 1,CHEM 354,CHEM ***,CHEM 438,GNAT,CLAB 486,GNAT 1,BIOL ***,BIOS ***,,GNAT 1,GNAT 1
CBIO 4412,Biochemistry I+II Lab (Upper Level),BLGY ***,BIOL***,GNAT 2,BIOL ***,GNAT 2,BIOL ***,GNAT 2,GNAT 2,GNAT 2,CBIO 2,GNAT 2,GNAT 2,GNAT 4,GNAT 2,BCHM 410L & 412L,GNAT 2,CHEM 353 & 354,CHEM ***,CHEM 437 & CHEM 438,CHEM 4041 & GNAT,CLAB 485 & 486,GNAT 2,CHEM 3051 & CHEM ***,BIOS 4113 and BIOS ***,GNAT 4,GNAT 4,GNAT 4
CBIO 4413,Biochemistry II (Upper Level),BLGY ***,BIOL***,GNAT 3,BIOL ***,GNAT 3,BIOL ***,GNAT 3,GNAT 3,GNAT 3,GNAT 3,GNAT 3,BIOL 4094,GNAT 3,GNAT 3,BCHM 412,GNAT 3,CHEM 352,CHEM 422,CHEM 436,CHEM 4050,CHEM 482,CHEM 417,CHEM 3052,BIOS 4113,,GNAT 3,GNAT 3
CBIO 4503,Developmental Biology,BLGY ***,BIOL ***,GNAT 3,BIOL ***,GNAT 3,BIOL ***,GNAT 3,GNAT 3,GNAT 3,GNAT 3,GNAT 3,GNAT 3,GNAT 3,GNAT 3,BIOS 475,BIOL 202,BISC 411,GNAT 3,BIOL 332,BIOL 4060,ZOO 465,BIOL 425,BIOL 4017,BIOS 4413,,GNAT 3,GNAT 3
CBIO 4513,Endocrinology,BLGY ***,BIOL ***,GNAT 3,BIOL ***,GNAT 3,BIOL ***,GNAT 3,GNAT 3,GNAT 3,GNAT 3,GNAT 3,BIOL 4158,BIOL 4158,GNAT 3,BIOS 480,GNAT 3,BISC 406,GNAT 3,BIOL 408,GNAT 3,ZOO 471,BIOL 310,BIOL ***,BIOS ***,,GNAT 3,GNAT 3
CBIO 4523,Immunology,BLGY ***,BIOL ***,GNAT 3,BIOL ***,GNAT 3,BIOL ***,GNAT 3,GNAT 3,GNAT 3,GNAT 3,GNAT 3,BIOL 4123,BIOL 3123,GNAT 3,BIOS 421,GNAT 3,BISC 402,BIOL 434,BIOL 428,BIOL 4190,MIC 460,BIOL 442,BIOL 4070,BIOS 3113,,GNAT 3,GNAT 3
CBIO 4533,Molecular Biology,BLGY ***,BIOL ***,GNAT 3,BIOL ***,GNAT 3,BIOL ***,GNAT 3,GNAT 3,GNAT 3,GNAT 3,GNAT 3,BIOL 4132,BIOL 3090,GNAT 3,BIOS 430,GNAT 3,BISC 422,GNAT 3,BIOL 440,BIOL 4300,GBIO 4***,GNAT 3,BIOL 4019,BIOS 4153,,SBIO 453N,GNAT 3
CBIO 4534,Molecular Biol (Lec+Lab),BLGY ***,BIOL ***,GNAT 4,BIOL ***,GNAT 4,BIOL ***,GNAT 4,GNAT 4,GNAT 4,GNAT 4,GNAT 4,GNAT 4,GNAT 4,GNAT 4,BIOS 430 & 431,GNAT 4,BISC ***,BIOL 401,BIOL 440 & 441,BIOL 4300 & 4301,GBIO 434,GNAT 4,BIOL 4019 + BIOL 4***,BIOS ***,,SBIO 453N & 453LN,GNAT 4
CBIO 4543,Pathogenic Microbiology,BLGY ***,BIOL ***,GNAT 3,BIOL ***,GNAT 3,BIOL ***,GNAT 3,GNAT 3,GNAT 3,GNAT 3,GNAT 3,BIOL 4124,GNAT 3,GNAT 3,BIOS ***,GNAT 3,BISC ***,GNAT 3,BIOL 315,BIOL 4120,MIC 436,BIOL 354,BIOL 4060,BIOS 4713,BIOL 454B,GNAT 3,GNAT 3
CBIO 4553,Virology,BLGY ***,BIOL ***,GNAT 3,BIOL ***,GNAT 3,BIOL ***,GNAT 3,GNAT 3,GNAT 3,GNAT 3,GNAT 3,BIOL 4190,GNAT 3,GNAT 3,BIOS 461,GNAT 3,BISC 409,GNAT 3,BIOL 460,BIOL 4270,MIC 463,BIOL 403(G),BIOL 4068,BIOS 4723,BIOL 455B & AGSC 321,GNAT 3,GNAT 3
CBIO 4561,Biology Seminar,BLGY ***,BIOL ***,GNAT 3,BIOL ***,GNAT 3,BIOL ***,GNAT 3,GNAT 3,GNAT 3,GNAT 1,GNAT 1,GNAT 3,BIOL 4000,GNAT 3,BIOS 495,BIOL 408,BISC 480,BIOL***,BIOL 402,BIOL 4900 or 4910,GBIO 441,BIOL 452,BIOL 4099,BIOS 3091,BIO 456B,GNAT 3,GNAT 1
CBIOL 2111,Microbiology Lab for Nursing/Allied Health,BLGY 202L,BIOL ***,GNAT 1,GNAT 1,GNAT 1,GNAT 1,GNAT 1,BIOL 2240,GNAT 1,GNAT 1,BIOL 2111,BIOL 1012,GNAT 1,GNAT 1,GNAT 1,GNAT 1,BISC ***,BIOL ***,BIOL ***,GNAT 1,MICL 224,BIOL 264,GNAT 1,BIOS ***,SBIO 213LB,SBIO 220L,GNAT 4
CBIOL 2114,Microbiology for Nursing & Allied Health Lec + Lab,BLGY 202 & 202L,BIOL ***,GNAT 4,GNAT 4,BIOL 2030 & GNAT 1,GNAT 4,GNAT 4,BIOL 2230 & 2240,GNAT 4,GNAT 4,BIOL 2111 & 2113,BIOL 1011 & 1012,GNAT 4,GNAT 4,GNAT 4,GNAT 4,BISC ***,BIOL 201,BIOL 205 & BIOL ***,BIOL 2210 & GNAT,MIC 223 & 224,BIOL 261 & 264,BIOL 2016 & BIOL ***,BIOS ***,SBIO 211B & 213LB,SBIO 220N & 220LN,GNAT 4
CBUS 1003,General/Intro to Business Administration,BADM 105,BUSN 1003,BUSN 1100,BUSG 129,BUSN 1100,BUSN 101,BUSN 1100,BUSN 1100,BUSN 1100,GBUS 1010,BUSI 1030,GBUS ***,BUSN 1001,BADM 1001,MADM 105,GB 150,BUSN 110,BADM 120,BSAD 101,BUAD 1040,MGMT 141,BADM ***,BUSN 1001,BA 1000,BUSP 100B,BADM 101N,MGMT 200S
CBUS 1103,Business Mathematics (Lower Level),BADM 113,MATH ***,BUSN 1050,BUSG 121,APMA 1030,MATH 114,BUSN 1050,BUSN 1***,BUSN ***,GBUS ***,BUSI 1210,GBUS ***,CBUS 3,BAS 2263,MADM ***,GB ***,MATH ***,BADM ***,BSAD ***,BUAD ***,GBBT 1***,BADM ***,BUSN ***,BA ***,***,BADM ***,
CBUS 2003,Legal Environment,BADM ***,BUSN ***,BUSN 2190,BUSL 250,BUSN 2200,BUSN ***,BUSN 2190,MGMT 2310,BUSN 2200,GBUS ***,BUSI 2010,GBUS ***,BLAW 2001,BADM ***,BLAW 280,GB ***,BUSN ***,BADM 201,BSAD 221,BUAD ***,BLAW 231,BLAW ***,BLAW ***,BA 3010,BUSP** *,BADM 240N,MGMT 243S
CBUS 2103,Business Law,BADM 215,BUSN 2103,BUSN 2200,BUSL ***,BUSI 1000,BUSN 231,BUSN 2200,BUSN 2***,BUSN ***,GBUS 2030,BUSI ***,GBUS ***,BLAW ***,BADM 2001,BLAW ***,GB ***,BLAW 255,BADM ***,BSAD ***,BUAD ***,BLAW 232,BLAW ***,BLAW ***,BA ***,BUSP** *,BADM ***,
CBUS 2203,Computer Applications,CTEC 100 or 115,CSCI 2203,BUSN 1150,BUSG 224,CPTR 1100,CINS 101 CPTR 1002,BUSN 1150,MGMT 2010,CSCI 2010,MCIS 1005,ITEC 1000/ OADM 1150,ISDS 1100,CMIS 1150,ISDS 2100,ISDS 150,CIS 115,CIS 110,CSCI 241,OIS ***,CIS ***,MGMT 210,INFX 205,CSCI 1070,BA 2780,,CISP 164N,CMPS 215S
CBUS 2213,Intro to Programming,CTEC 102,CSCI 1933,CBUS 3,CMIN 214,CPTR ***,CSCI 192,BUSN ***,BUSN 2***,CSCI ***,***,ITEC ***,CSC 1250,CSCI 1250,BADM ***,CSC 120,CBUS 3,CIS 1***,CSCI ***,CIS ***,CIS 1015,CMPS 161,CMPS ***,CSCI 2000,CSCI ***,,CISP 200N,CMPS 293S
CBUS 2303,Business Statistical Methods I,BADM 203,MATH 2303,CBUS 3,BUSG ***,BUSN ***,BUSN ***,BUSN ***,BUSN 2***,BUSN ***,GBUS ***,BUSI ****,ISDS 2000,MATH 2011,ISDS 2000,ISDS ***,GB 251,QA 233,BADM ***,QBA 282,BUAD 2120,OMIS 200,BADM ***,BUSN ***,MATH 2785,ECON 275 B,ECON 295N,MGMT 283S
CBUS 2313,Business Statistical Methods II,BADM 203,MATH 2313,CBUS 3,BUSG ***,BUSN ***,BUSN ***,BUSN ***,BUSN 2***,BUSN ***,GBUS ***,BUSI ****,ISDS 2001,CBUS 3,ISDS 2001,ISDS 265,GB 352,QA ***,BADM ***,QBA 283,BUAD ***,OMIS 210,BADM ***,QMDS 2010,QMBE 2786,ECON 275 B,BADM ***,
CCEM 1003,"General, Organic & Biochemistry",CHEM ***,CHEM 1003,CHEM 1003,GNAT 3,GNAT 3,GNAT 3,CHEM 1003,GNAT 3,GNAT 3,GNAT 3,GNAT 3,GNAT 3,CHEM 1001,GNAT 3,GNAT 3,CHEM 106,GNAT 3,CHEM 120,CHEM 109,CHEM 1070,GNAT 3,CHEM 123,GNAT 3,CHEM ***,SCHE 100B,GNAT 3,SCHE 100S
CCEM 1013,General Chemistry Survey I,PHSC 106,GNAT 3,GNAT 3,CHEM 100,GNAT 3,GNAT 3,GNAT 3,GNAT 3,GNAT 3,GNAT 3,GNAT 3,GNAT 3,GNAT 3,CHEM 1011,GNAT 3,GNAT 3,CHEM 120,CHEM 135,GNAT 3,GNAT 3,PHSC 102,CHEM 101,CHEM 1050,CHEM 1012,,GNAT 3,GNAT 3
CCEM 1101,Chemistry I Lab (Non-Science Majors),CHEM 107L,CHEM ***,GNAT 1,CHEM 107,GNAT 1,CHEM 103,GNAT 1,CHEM 1015,GNAT 1,CHEM 1011,GNAT 1,GNAT 1,CHEM 1012,GNAT 1,GNAT 1,CHEM 107,CHEM 122,CHEM ***,GNAT 1,GNAT 1,CLAB 103,GNAT 1,CHEM 1003,CHEM ***,SCHE 110LB,SCHE 110LN,SCHE 110LS
CCEM 1103,Chemistry I (Non-Science Majors),CHEM 107,GNAT 3,GNAT 3,CHEM 101,CHEM 1010,CHEM 101,GNAT 3,CHEM 1010,GNAT 3,CHEM 1010,CHEM 1213,CHEM 1001,CHEM 1001,CHEM 1001,CHEM 110,CHEM 105,CHEM 120,GNAT 3,CHEM 101,GNAT 3,CHEM 101,CHEM 101,CHEM 1001,CHEM 1001,,SCHE 110N,SCHE 110S
CCEM 1111,Chemistry II Lab (Non-Science Majors),CHEM ***,CHEM ***,GNAT 1,CHEM 108,GNAT 1,CHEM 104,GNAT 1,GNAT 1,GNAT 1,GNAT 1,GNAT 1,GNAT 1,GNAT 1,GNAT 1,CHEM 112L,GNAT 1,CHEM 122,CHEM ***,GNAT 1,GNAT 1,CLAB 104,CHEM 112,CHEM 1004,CHEM ***,SCHE 113LB,GNAT 3,SCHE 113LS
CCEM 1113,Chemistry II (Non-Science Majors),CHEM ***,GNAT 3,GNAT 3,CHEM 102,GNAT 3,CHEM 102,GNAT 3,GNAT 3,GNAT 3,GNAT 3,GNAT 3,CHEM 1002,CHEM 1002,CHEM 1002,CHEM 112,GNAT 3,CHEM 121,GNAT 3,CHEM 102,GNAT 3,CHEM 102,CHEM 102,CHEM 1002,CHEM 1002,SCHE 113B,GNAT 3,SCHE 113S
CCEM 1121,Chemistry I Lab (Science Majors),CHEM 101L,CHEM 1121,CHEM 1110,CHEM 143,CHEM 1121,CHEM 111,CHEM 1110,CHEM 1115,CHEM 1010L,CHEM 1031,CHEM 1011,GNAT 1,CHEM 1301,GNAT 1,CHEM 121L,CHEM 113,CHEM 103,CHEM 103L,CHEM 111 or 113,CHEM 1031,CLAB 123,GNAT 1,CHEM 1009,CHEM 1007,SCHE 132LB,SCHE 132LN,SCHE 132LS
CCEM 1123,Chemistry I (Science Majors),CHEM 101,CHEM 1123,CHEM 1100,CHEM 141,CHEM 1123,CHEM 110,CHEM 1100,CHEM 1100,CHEM 1010,CHEM 1030,CHEM 1010,CHEM 1201,CHEM 1201,CHEM 1201,CHEM 121,CHEM 111,CHEM 107,GNAT 3,CHEM 105,CHEM 1030,CHEM 121,CHEM 107,CHEM 1007,CHEM 1017,SCHE 132B,SCHE 132N,SCHE 132S
CCEM 1124,"Chem I, Lec + Lab (Sci Majors)",CHEM 101 & 101L,CHEM 1123 & 1121,CHEM 1100 & 1110,CHEM 141 & 143,GNAT 3,CHEM 110 & 111,CHEM 1100 & 1110,CHEM 1100 & 1115,CHEM 1010 & 1010L,CHEM 1030 & 1031,CHEM 1010 & 1011,GNAT 4,CHEM 1201 & 1301,GNAT 4,CHEM 121 & 121L,CHEM 111 & 113,CHEM 107 & 103,CHEM 101,CHEM 105 & 111 or 113,CHEM 1030 & 1031,CHEM 121 & CLAB 123,CHEM 107 & GNAT 1,CHEM 1007 & 1009,CHEM 1017 & 1007,SCHE 132B & 132LB,SCHE 132N & 132LN,SCHE 132S & 132LS
CCEM 1131,Chemistry II Lab (Science Majors),CHEM 102L,CHEM 1131,CHEM 1210,CHEM 144,CHEM 1131,CHEM 121,CHEM 1210,CHEM 1215,CHEM 1020L,CHEM 1041,CHEM 1021,GNAT 1,CHEM 1302,GNAT 1,CHEM 124L,CHEM 114,CHEM 104,CHEM 104L,CHEM 112 or 114,CHEM 1041,CLAB 124,GNAT 1,CHEM 1010,CHEM 1008,SCHE 133LB,SCHE 133LN,SCHE 133LS
CCEM 1132,Chemistry I + II Lab (Science Majors),CHEM 101L & 102L,CHEM 1121 & 1131,CHEM 1110 & 1210,CHEM 143 & 144,GNAT 3,CHEM 111 & 121,CHEM 1110 & 1210,CHEM 1115 & 1215,CHEM1 010L & 1020L,CHEM 1031 & 1041,CHEM 1011 & 1021,CHEM 1212,CHEM 1301 & 1302,CHEM 1212,CHEM 121L & 124L,CHEM 113 & 114,CHEM 103 & 104,CHEM 103L & 104L,CHEM 110,CHEM 1031 & 1041,CLAB 123 & 124,CHEM 115,CHEM 1009 & 1010,CHEM 1007 & 1008,SCHE 132LB & 133LB,SCHE 132LN & 133LN,SCHE 132LS & 132LS
CCEM 1133,Chemistry II (Science Majors),CHEM 102,CHEM 1133,CHEM 1200,CHEM 142,CHEM 1133,CHEM 120,CHEM 1200,CHEM 1200,CHEM 1020,CHEM 1040,CHEM 1020,CHEM 1202,CHEM 1202,CHEM 1202,CHEM 124,CHEM 112,CHEM 108,GNAT 3,CHEM 106,CHEM 1040,CHEM 122,CHEM 108,CHEM 1008,CHEM 1018,SCHE 133B,SCHE 133N,SCHE 133S
CCEM 1134,Chem II Lec + Lab (Sci Majors),CHEM 102 & 102L,CHEM 1133 & 1131,CHEM 1200 & 1210,CHEM 142 & 144,GNAT 3,CHEM 120 & 121,CHEM 1200 & 1210,CHEM 1200 & 1215,CHEM 1020 & 1020L,CHEM 1040 & 1041,CHEM 1020 & 1021,GNAT 4,CHEM 1202 & 1302,GNAT 4,CHEM 124 & 124L,CHEM 112 & 114,CHEM 108 & 104,CHEM 102,CHEM 106 & 112 or 114,CHEM 1040 & 1041,CHEM 122 & CLAB 124,CHEM 108 & GNAT,CHEM 1008 & 1010,CHEM 1018 & 1008,SCHE 133B & 133LB,SCHE 133N & 133LN,SCHE 133S & 133LS
CCEM 2203,"Organic Chemistry, Survey",CHEM ***,GNAT 3,GNAT 3,GNAT 3,GNAT 3,GNAT 3,GNAT 3,GNAT 3,GNAT 3,GNAT 3,CHEM 2210,CHEM 2060,GNAT 3,GNAT 3,GNAT 3,GNAT 3,CHEM 121,CHEM 211,CHEM ***,GNAT 3,CHEM 261,CHEM 240,CHEM ***,CHEM ***,SCHE 250B,GNAT 3,GNAT 3
CCEM 2211,Organic Chemistry I Lab,CHEM ***,CHEM 2211,CHEM 2210,CHEM 223,CHEM 2211,CHEM 223,CHEM 2210,GNAT 1,CHEM 2210L,GNAT 1,GNAT 1,GNAT 1,GNAT 2,CHEM 2361,CHEM 265L,CHEM 225,CHEM 253,CHEM ***,CHEM ***,GNAT 1,CLAB 267,CHEM 233,CHEM 2031,CHEM 2017,SCHE 220B,SCHE 221LN,SCHE 221LS
CCEM 2213,Organic Chemistry I,CHEM 250,CHEM 2213,CHEM 2200,CHEM 221,CHEM 2213,CHEM 221,CHEM 2200,GNAT 3,CHEM 2210,GNAT 3,GNAT 3,CHEM 2261,GNAT 3,CHEM2 261,CHEM 265,CHEM 223,CHEM 257,GNAT 3,CHEM 221,GNAT 3,CHEM 265,CHEM 231,CHEM 2030,CHEM 2217,SCHE 230B,SCHE 221N,SCHE 221S
CCEM 2221,Organic Chemistry II Lab,CHEM ***,CHEM 2221,GNAT 1,CHEM 224,GNAT 1,CHEM 224,GNAT 1,GNAT 1,CHEM 2220L,GNAT 1,GNAT 1,GNAT 1,GNAT 2,CHEM 2362,CHEM 266L,CHEM 226,CHEM 254,CHEM ***,CHEM ***,GNAT 1,CLAB 268,CHEM 234,CHEM 2033,CHEM ***,SCHE 221B,SCHE 222LN,SCHE 222LS
CCEM 2222,Organic Chemistry I+II Lab,CHEM ***,CHEM 2211 & 2221,CHEM 2200 & 2210,CHEM 223 & 224,GNAT 2,CHEM 223 & 224,CHEM 2200 & 2210,GNAT 2,CHEM 2210L & 2220L,GNAT 2,GNAT 2,CHEM 2364,GNAT 5,CHEM2 361 & 2362 2,CHEM 265L&2 66L,CHEM 225 & 226,CHEM 253 & 254,CHEM ***,CHEM 226,GNAT 2,CHEM 267 & 268,CHEM 233 & 234,CHEM 2031 & 2033,CHEM 2017 & CHEM ***,SCHE 220B & 221B,SCHE 221LN & 222LN,SCHE 221LS & 222LS
CCEM 2223,Organic Chemistry II,CHEM ***,CHEM 2223,GNAT 3,CHEM 222,GNAT 3,CHEM 222,GNAT 3,GNAT 3,CHEM 2220,GNAT 3,GNAT 3,CHEM 2262,GNAT 3,CHEM 2262,CHEM 266,CHEM 224,CHEM 258,GNAT 3,CHEM 222,CHEM 3020,CHEM 266,CHEM 232,CHEM 2032,,SCHE 231B,SCHE 222N,SCHE 222S
CCEM 2301,Analytical Chemistry Lab,CHEM ***,CHEM ***,GNAT 1,CHEM 243,GNAT 1,GNAT 1,GNAT 1,GNAT,GNAT 1,GNAT 1,CHEM 2031,CHEM 2002,CHEM 2002,GNAT 3,CHEM 255L,CHEM 232 (2 cr.),CHEM 206 (1cr.),CHEM ***,CHEM 302,CHEM 2111,CLAB 256,CHEM 222,CHEM 2041,CHEM 2025,SCHE 243LB,GNAT 3,GNAT 3
CCEM 2303,Analytical Chemistry,CHEM ***,CHEM ***,GNAT 3,CHEM 241,GNAT 3,GNAT 3,GNAT 3,GNAT 3,GNAT 3,GNAT 3,CHEM 2030,CHEM 2001,CHEM 2001,GNAT 3,CHEM 255,CHEM 230,CHEM 205 (4 cr.),GNAT 3,CHEM 300,CHEM 2110,CHEM 251,CHEM 221,CHEM 2040,CHEM 2117,,GNAT 3,GNAT 3
CCOM 1013,Fundamentals of Communication,SPCH ***,SPCH 1013,SPCH 1100,CMST 130,SPCH ***,SPCM 110,SPCH 1100,GHUM 3,SPCH 1010,CMNC 1013,SPCH 1000,CMST 1061,CMST 1061,CMST 1061,COMM 201,GHUM 3,COMM 101,GHUM 3,SPCH ***,COMM 1010,GHUM 3,CMCN 100,COMM 1001,GHUM 3,GHUM 3,SCOM 101N,SCOM 101S
CCOM 1113,Intro to Mass Media,COMM 170,CCOM 3 or GHUM 3,CCOM 3,CHUM or CCOM 3,SPCH ***,MSCM 101,CHUM or CCOM 3,GHUM 3,MCOM 2000,CMCN 2050,GHUM 3,MC 2000,CMST 2000,MC 2000,MCOM 115,MC 100,COMM 100,MCOM 131,MACO 101,COMM 2020,GHUM 3,CMCN 170,GHUM 3,GHUM 3,***,COMM ***,MCOM 100S
CCOM 2013,Public Speaking,SPCH 110,SPCH 2013,SPCH 2150,CMST 230,SPCH 1200,SPCM 120,SPCH 2150,SPCH 1015,SPCH 1200,SPCH 1200,SPCH 1200,CMST 2060,CMST 2060,CMST 2060,COMM 135,THEA 212,COMM 110,COMM 201,SPCH 101,COMM 1010,COMM 211,CMCN 310,COMM 2001,FTA 2650,***,SCOM 201N,SCOM 201S
CCOM 2113,Argumentation and Debate,SOCH 233,SPCH 2113,SPCH 2200,CMST 240,SPCH ***,GHUM 3,SPCH 2200,GHUM 3,CHUM 3,CHUM 3,GHUM 3,CMST 2063,CMST 2063,GHUM 3,GHUM 3,GHUM 3,COMM ***,GHUM 3,SPCH ***,COMM 2050,COMM 213,CMCN 202,COMM ***,FTA ***,GHUM 3,COMM 310N,GHUM 3
CCOM 2213,Interpersonal Communication,SPCH 115,SPCH 2213,SPCH 1310,CMST 231,SPCH ***,SPCM 130,SPCH 1310,SPCH 1025,SPCH 2100,CMNC 2213,GHUM 3,CMST 2010,CMST 2010,CMST 2010,GHUM 3,GHUM 3,COMM 203,COMM 205,SPCH 201,COMM 2500,COMM 215,CMCN 210,COMM 1018,FTA ***,GHUM 3,SCOM 221N,SCOM 221S
CCOM 2313,Business & Professional Communication,SPCH ***,SPCH 2313,BUSN 2400,CMST1 32,SPCH ***,BUSN 215,BUSN 2400,GHUM 3,ENGL /BUSN 2300,SPCH ***,BUSI ***,CMST 2061,CCOM 3,***,GHUM 3,GHUM 3,COMM ***,GHUM 3,SPCH ***,COMM 1010,COMM 413,GHUM 3,COMM 2044,MANG 2472,***,COMM ***,SCOM 231S or BUST 261S
CCRJ 1013,Intro to Criminal Justice,CJUS 101,CJUS 1013,GSOC 3,CRJU 105,CRJU 1010,CJUS 101,GSOC 3,CRMJ 1110,CRJU 1010,CJUS 1010,CRMJ 1110,SOCL 2371,CJUS 1107,CJ 1107,CJ 107,CJ 101,SOC 210,CJUS 111,GSOC 3,CJ 1100,CJ 101,CJUS 101,CJUS 1001,POLI 2450,SCJU10 1B,SCJU 101N,SCJU 101S
CCRJ 2013,Intro to Corrections,CJUS,CJUS 2013,GSOC 3,CRJU 103,CRJU 2630,CJUS 206,GSOC 3,CRMJ 1120,CRJU 2050,CJUS 2030,CRMJ 1120,SOCL 2301,CJUS 2216,CJ 2133,CJ 216,CJ ***,SOC ***,CJUS 241,CRJU ***,CJ 2500,CJ 205,CJUS 205,CJUS 2070,POLI ***,SCJU 201B,SCOM 201N,SCJU 201S
CCRJ 2113,Criminology,CJUS 211/ SLGY 211,CJUS 2513,SOCI 2090,CRJU 209,CRJU 2650,CJUS 160,SOCI 2090,CRMJ 2***,GSOC 3,GSOC 3,CRMJ 2340,SOCL ***,CJUS ***,CJ 2200,CJ 2***,CJ 204,SOC ***,CJUS 231,CRJU ***,CJ ***,CJ or SOC 2***,CJUS ***,CJUS ***,POLI ***,SCJU 211B,CRMJ ***,SCJU 211S
CCRJ 2213,Criminal Law,CJUS 201,CJUS 2213,GSOC 3,CRJU 160,CRJU 2030,CJUS 201,GSOC 3,CRMJ 1330,CRJU 2310,CJUS 2070,CRMJ 1332,SOCL ***,CJUS 2275,CJ 2153,CJ ***,CJ 201,SOC ***,CJUS 252,CRJU ***,CJ ***,CJ 201,CJUS ***,CJUS 2093,POLI 2200,SCJU 221B,CRMJ ***,SCJU 221S
CCRJ 2313,Intro to Policing,CJUS 250,CJUS 2313,GSOC 3,CRJU 101,CRJU ***,CJUS 202,GSOC 3,CRMJ 1220,CRJU 2040,CJUS 2010,CRMJ 1220,SOCL ***,CJUS 2131,CJ 2131,CJ 214,CJ 214,SOC ***,CJUS 271,CRJU ***,CJ 2300,CJ 204,CJUS 203,CJUS 2030,POLI ***,SCJU 200B,CRMJ ***,SCJU 200S
CCRJ 2413,Juvenile Justice,CJUS 299,CJUS 2413,SOCI 2400,CRJU 240,CRJU 2640,CJUS 205,SOCI 2400,CRMJ 1410,GSOC 3,CJUS 2060,CRMJ 2410,SOCL ***,CJUS 3215,CJ ***,CJ ***,CJ 252,SOC ***,GSOC 3,CRJU ***,CJ ***,CJ 214,CJUS ***,CJUS ***,POLI ***,,CRMJ 330N,SCJU 241S
CCRJ 2513,Deviance,SLGY 204,CCRJ 3,SOCI 2500,CRJU ***,CRJU ***,GSOC 3,SOCI 2500,CRMJ 1340,GSOC 3,CJUS 2050,CRMJ 2420,SOCL ***,CJUS 2094,CJ ***,CJ ***,GSOC 3,SOC ***,GSOC 3,CRJU ***,CJ ***,CJ 296,CJUS ***,CJUS ***,POLI ***,,CRMJ ***,
CCRJ 2613,Judicial Process,CJUS 296,CJUS 2613,GSOC 3,CRJU 162,CRJU 2200,CJUS 207,GSOC 3,CRMJ 1420,CRJU 2020,CJUS 2040,CRMJ 2422,SOCL ***,CJUS 2132,CJ 2132,CJ ***,GSOC 3,SOC ***,GSOC 3,CRJU ***,CJ 2400,CJ 202,CJUS 204,CJUS 2050,POLI ***,,CRMJ 210N,SCJU 261S
CDNC 1013,Dance Appreciation,GFAR 3,GFAR 3,GFAR 3,GFAR 3,GFAR 3,GFAR 3,GFAR 3,GFAR 3,GFAR 3,GFAR 3,GFAR 3,THTR 1800,GFAR 3,GFAR 3,HPE 141,THEA 105,KINE 280,GFAR 3,GFAR 3,FA 1040,DNC 100,GFAR 3,DANC ***,GFAR 3,GFAR 3,GFAR 3,DNCE 101S
CECN 2113,Economic Principles,BADM ***,ECON 2113,ECON ***,GSOC 3,GSOC 3,GSOC 3,GSOC 3,GSOC 3,ECON 2030,ECON 2010,GSOC 3,ECON 2030,GSOC 3,ECON 2030,GSOC 3,GSOC 3,ECON 215,ECON 201,ECON 255,GSOC 3,ECON 102,GSOC 3,ECON 1003,ECON ***,SECO 211B & AGEC 212B,ECON ***,GSOC 3
CECN 2213,Macroeconomic s,BADM 201,ECON 2213,GSOC 3,ECON 201,ECON 2010,ECON 201,ECON 2020,ECON 2010,ECON 2010,ECON 2040 or 2020,ECON 2010,ECON 2010,EON 2010,ECON 2010,ECON 201,ECON 201,ECON 201,ECON 204,ECON 212,ECON 2000,ECON 201,ECON 201,ECON 2001,ECON 1204,SECO 221B,SECO 221N,SECO 221S
CECN 2223,Microeconomics,BADM 202,ECON 2223,ECON 2020,ECON 202,ECON 2020,ECON 202,ECON 2000,ECON 2020,ECON 2020,ECON 2030,ECON 2020,ECON 2000,ECON 2020,ECON 2000,ECON 202,ECON 202,ECON 202,ECON 203,ECON 211,ECON 2010,ECON 202,ECON 202,ECON 2002,ECON 1203,SECO 222B,SECO 222N,SECO 222S
CECN 2313,"Money, Banking & the Economy (Lower Level)",BADM ***,ECON 2313,ECON 2250,ECON 272,ECON ***,GSOC 3,ECON 2250,GSOC 3,GSOC 3,GSOC 3,BUSI ***,ECON 2035,GSOC 3,ECON 2035,GSOC 3,GSOC 3,ECON ***,ECON ***,ECON ***,FIN ***,GSOC 3,GSOC 3,ECON ***,ECON 2221,ECON** *,ECON ***,GSOC 3
CECN 3113,"Money, Banking & the Economy (Upper Level)",BADM ***,ECON***,GSOC 3,ECON ***,ECON ***,ECON ***,GSOC 3,,GSOC 3,GSOC 3,BUSI ***,GSOC 3,ECON 3035,GSOC 3,ECON 310,ECON 401,ECON 312,ECON 325,ECON 317,FIN 3100,ECON 333,ECON/F NAN 320,ECON 3001,ECON ***,SECO 340B,ECON 411N,
CECO 4121,Principles of Ecology Lab (Upper Level),BLGY ***,BIOL ***,GNAT 1,BIOL ***,GNAT 1,BIOL ***,GNAT 1,GNAT 1,GNAT 1,GNAT 1,GNAT 1,BIOL 4254,CBIO 1,GNAT 1,BIOS 440L,GNAT 1,BISC ***,BIOL ***,BIOL ***,BIOL 4401,BIOL 397,GNAT 1,BIOL ***,BIOS 3651,UFOR 391B,BIOL 341LN,GNAT 3
CECO 4123,Principles of Ecology (Upper Level),BLGY ***,BIOL***,GNAT 3,BIOL ***,GNAT 3,BIOL ***,GNAT 3,GNAT 3,GNAT 3,GNAT 3,GNAT 3,BIOL 4253,CBIO 3,GNAT 3,BIOS 440,GNAT 3,BISC ***,GNAT 3,BIOL ***,BIOL 4400,GBIO 395,GNAT 3,BIOL ***,BIOS 3653,,BIOL 341N,GNAT 3
CECO 4124,Principles of Ecology Lec + Lab (Upper Level),BLGY ***,BIOL ***,GNAT 4,BIOL ***,GNAT 4,BIOL ***,GNAT 4,GNAT 4,GNAT 4,GNAT 4,GNAT 4,BIOL 4253 & 4254,BIOL 4253,GNAT 4,BIOS 440 & 440L,BIOL 206,BISC/E NSC 313,BIOL 410,BIOL 404,BIOL 4400 & 4401,GBIO 395 & BIOL 397,BIOL 360,BIOL 3002,BIOS ***,,BIOL 341N & 341LN,GNAT 4
CEDU 1013,Foundations in Multicultural Education,EDUC 250,TEAC 2033,GSOC 3,GSOC 3,GSOC 3,GSOC 3,GSOC 3,GSOC 3,GSOC 3,CEDU 3,***,EDCI 2400,CEDU 3,GSOC 3,GSOC 3,ED 317,***,EDUC 203,GSOC 3,EDUC 2020,GSOC 3,***,***,***,***,EDUC 275,***
CENL 1013,English Composition I,ENGL 101,ENGL 1013,ENGL 1010/1009,ENGL 101/110 or ENRE 110,ENGL 1010,ENGL 101,ENGL 1010 /1009,ENGL 1015,ENGL 1010,ENGL 1010,ENGL 1010,ENGL 1001,ENGL 1001,ENGL 1001,ENGL 105,ENGL 101,ENGL 101,ENGL 101,ENGL 100 or 101,ENGL 1010,ENGL 101,ENGL 101,ENGL 1001,ENGL 1157,SENL 101B,SENL 101N,SENL 101S/10 0S
CENL 1023,English Composition II,ENGL 102,ENGL 1023,ENGL 1020,ENGL 102,ENGL 1020,ENGL 102,ENGL 1020,ENGL 1025,ENGL 1020,ENGL 1020,ENGL 1020,ENGL 2000,ENGL 1002,ENGL 1002 or 1003,ENGL 115,ENGL 102,ENGL 102,ENGL 102,ENGL 102,ENGL 1020,ENGL 102,ENGL 102,ENGL 1002,ENGL 1158,SENL10 2B,SENL 102N,SENL 102S
CENL 2103,British Literature I,GHUM 3,GHUM 3,ENGL 2010,ENGL 221,ENGL 2010,ENGL 201,ENGL 2010,ENGL 2010,ENGL 2510,ENGL 2010,ENGL 2010,ENGL 2220 or 2123,GHUM 3,ENGL 2020 or 2220,ENGL 205,GHUM 3,ENGL 210,ENGL 201,ENGL 215,GHUM 3,ENGL 231,ENGL 201,ENGL 2001,ENGL 2341,,SENL 231N,ENGL 210S
CENL 2113,British Literature II,GHUM 3,GHUM 3,ENGL 2020,ENGL 222,ENGL 2020,ENGL 202,ENGL 2020,GHUM 3,ENGL 2520,ENGL 2020,ENGL 2020,ENGL 2220 or 2123,GHUM 3,ENGL 2022,ENGL 206,GHUM 3,ENGL 211,ENGL 202,ENGL 215,GHUM 3,ENGL 231,ENGL 202,ENGL 2002,ENGL 2342,,SENL 232N,ENGL 210S
CENL 2123,Major British Writers,ENGL 201,ENGL 2123,CLTR 3,GHUM 3,ENGL 2200,ENGL 250,GHUM 3,GHUM 3,ENGL 2530,ENGL 2025,ENGL 2030,ENGL 2220,GHUM 3,GHUM 3,GHUM 3,GHUM 3,ENGL 210 or 211,ENGL ***,ENGL 215,GHUM 3,ENGL 231,ENGL 211,GHUM 3,GHUM 3,GENL 3,GHUM 3,ENGL 210S
CENL 2153,American Literature I,GHUM 3,GHUM 3,CLTR 3,ENGL 211,GHUM 3,ENGL 203,GHUM 3,ENGL 2020,ENGL 2610,ENGL 2030,ENGL 2110,ENGL 2270 or 2123,GHUM 3,ENGL 2071,GHUM 3,ENGL 203,ENGL 212,GHUM 3,ENGL 215,GHUM 3,ENGL 232,ENGL 205,ENGL 2005,ENGL 2031,,ENGL 351N,SENL 216S
CENL 2163,American Literature II,GHUM 3,GHUM 3,CLTR 3,ENGL 212,GHUM 3,ENGL 204,GHUM 3,GHUM 3,ENGL 2620,ENGL 2040,ENGL 2120,ENGL 2270 or 2123,GHUM 3,ENGL 2072 or 2073,GHUM 3,ENGL 204,ENGL 212,GHUM 3,ENGL 215,GHUM 3,ENGL 232,ENGL 206,ENGL 2006,ENGL 2032,,ENGL 352N,SENL 216S
CENL 2173,Major American Writers,ENGL 202,ENGL 2173,ENGL 2210,GHUM 3,ENGL 2210,ENGL 250,ENGL 2210,GHUM 3,ENGL 2630,ENGL 2035,ENGL 2130,ENGL 2270,GHUM 3,GHUM 3,ENGL 210,GHUM 3,ENGL 212,ENGL ***,ENGL 215,GHUM 3,ENGL 232,ENGL 211,GHUM 3,ENGL 2041,GENL 3,SENL 217N,SENL 216S
CENL 2203,World Literature I,GHUM 3,GHUM 3,ENGL 2600,ENGL 231,GHUM 3,ENGL 205,ENGL 2600,ENGL 2030,ENGL 2410,ENGL 2170,ENGL 2310,ENGL 2201,GHUM 3,GHUM 3,GHUM 3,ENGL 200,GHUM 3,GHUM 3,ENGL 215,GHUM 3,ENGL 230,ENGL 321,ENGL 2003,ENGL 2371,SENL 220B,ENGL 270N,SENL 220S
CENL 2213,World Literature II,GHUM 3,GHUM 3,ENGL 2610,ENGL 232,GHUM 3,ENGL 206,ENGL 2610,GHUM 3,ENGL 2420,ENGL 2180,ENGL 2320,ENGL 2202,GHUM 3,GHUM 3,GHUM 3,GHUM 3,GHUM 3,GHUM 3,ENGL 215,GHUM 3,ENGL 230,ENGL 322,ENGL 2004,GHUM 3,GENL 3,GHUM 3,SENL 220S
CENL 2223,Major World Writers,ENGL 251,ENGL 2223,CLTR 3,GHUM 3,GHUM 3,ENGL 250,GHUM 3,GHUM 3,ENGL 2430,ENGL 2175,ENGL 2330,ENGL 2201 or 2202,GHUM 3,GHUM 3,GHUM 3,GHUM 3,GHUM 3,ENGL ***,ENGL 215,ENGL 2070,ENGL 230,ENGL 211,GHUM 3,GHUM 3,GENL 3,ENGL270N,SENL 220S
CENL 2303,Intro to Fiction,ENGL 255,ENGL 2303,CLTR 3,ENGL 205,ENGL 2110,ENGL 211,GHUM 3,GHUM 3,ENGL 2110,ENGL 2055,ENGL 2410,ENGL 2025,ENGL 2025 or 2031,ENGL 2025,ENGL 215,GHUM 3,GHUM 3,ENGL 203,ENGL 216,GHUM 3,GHUM 3,ENGL 210,GHUM 3,ENGL 2238,ENGL 201,ENGL 363N,SENL 232S
CENL 2313,Intro to Poetry and/or Drama,ENGL 256,ENGL 2313,ENGL 2110,ENGL 206,ENGL 2150,ENGL 215,ENGL 2110,GHUM 3,ENGL 2150,ENGL 2065,ENGL 2430,ENGL 2027 or 2029,ENGL 2027,ENGL 2027,ENGL 220,GHUM 3,GHUM 3,ENGL 204,ENGL 216,GHUM 3,GHUM 3,ENGL 210,GHUM 3,ENGL 2208 or 2228,ENGL 205 or 206,ENGL 362N,SENL 232S
CENL 2323,Intro to Literature,ENGL ***,ENGL 2323,CLTR 3,GHUM 3,GHUM 3,GHUM 3,GHUM 3,GHUM 3,ENGL 2100,ENGL 2060,ENGL 2420,ENGL 2123,GHUM 3,GHUM 3,GHUM 3,ENGL 201,GHUM 3,ENGL 200,ENGL 215 or 216 or 217,ENGL 2110,GHUM 3,ENGL 211,GHUM 3,GHUM 3,SENL 232B,SENL 232N,SENL 232S
CENL 2403,Intro to African American Literature,ENGL 257,ENGL 2403,CLTR 3,ENGL 244,GHUM 3,ENGL 250,GHUM 3,GHUM 3,ENGL 2700,ENGL 2230,ENGL 2510,ENGL 2674,GHUM 3,ENGL 2674,GHUM 3,GHUM 3,ENGL 212,GHUM 3,ENGL 215,GHUM 3,ENGL 233,ENGL 211,ENGL 2016,ENGL 2071 or 2072,SENL 240B,ENGL 255N or 256N,SENL 240S
CENL 2413,Intro to Women's Literature,ENGL 250,GHUM 3,CLTR 3,GHUM 3,ENGL 2996,ENGL 250,GHUM 3,GHUM 3,ENGL 2800,ENGL 2210,ENGL 2520,ENGL 2593,WMST 2095,GHUM 3,GHUM 3,GHUM 3,GHUM 3,WMST 201,ENGL 215,GHUM 3,GHUM 3,ENGL 211,GHUM 3,ENGL 2378,GENL 3,GHUM 3,GHUM 3
CENL 2503,Mythology or Folklore,ENGL 252,ENGL 2503/HUM N 2103,CLTR 3,GHUM 3,ENGL 2996,ENGL 250,GHUM 3,GHUM 3,ENGL 2900,ENGL 2240,ENGL 2530,ENGL 2423,ENGL 2084,ENGL 2210,GHUM 3,GHUM 3,GHUM 3,ENGL 221,ENGL 216,GHUM 3,ENGL 2***,ENGL 211,GHUM 3,GHUM 3,GENL 3,GHUM 3,GHUM 3
CENL 2513,Foundations of Professional Writing (Lower Level),ENGL 103,ENGL 2513,CLTR 3,ENGL 112,ENGL ***,ENGL 220,GHUM 3,GHUM 3,GHUM 3,ENGL 2070,ENGL 2535/ BUSI 2300,ENGL 2002,ENGL 2002,ENGL 2002,ENGL ***,ENGL 205,GHUM 3,ENGL 253,ENGL ***,ENGL ***,ENGL 2***,ENGL ***,ENGL ***,ENGL 2152 or 2155,,ENGL 260N,GHUM 3
CENL 2523,Creative Writing (Various Genres),ENGL 290,"ENGL 2023, 2033/53/93",ENGL 2150,ENGL 251,ENGL 2510,GHUM 3,ENGL 2150,GHUM 3,GHUM 3,ENGL 2045,GHUM 3,ENGL 2004/2005/2 007/2008/20 09,ENGL 2005,ENGL 2005/ 2007/20 08,ENGL 228,ENGL 206,GHUM 3,ENGL 271 or 272,ENGL 265,ENGL 2120,ENGL 370/71/ 72/80,ENGL 223,ENGL 2***,GHUM 3,SENL 252B,ENGL 240N GHUM 3,SENL 225S
CEVS 1103,Environmental Science,PHSC or BLGY 107,ENSC 1103,BIOL 2210 or ENVN 2210,SCIE 142,ENSC 1103,SCIE 114,BIOL 2210 or ENVN 2210,BIOL 1110,ENVS 1103,ENSC 1000,ENSC 2000,ENVS 1126,BIOL 2030,ENVS 1126,ENSC 101,GNAT 3,ENSC or BISC 211,ENSC 101,BIOL *** or GEOL ***,GNAT 3,GBIO 281,ENVS 100,GEOS 2001,EES 1002,UFOR 271B,GEOL ****,GNAT 3
CFIN 2113,Personal Finance,BADM 108,FINA ***,BUSN 1330,BUSG 125,BUSN 2130,BUSN 140,BUSN 1330,BUSN 2***,BUSN 1330,GBUS 2100,BUSI 1090,CFS 1062,FINC 1501,FIN 2020,FIN 231,FIN 201,BUSN 115,FIN 201,FINC ***,FIN 2150,FIN 123,FNAN 230,FINA ***,FIN 1330,FINC 130B,BADM 125N,
CFIN 3113,Principles of Business Finance (Upper Level),BADM ***,FINA ***,CFIN 3,BUSG ***,FINC ***,BUSN ****,FINA ***,BUSN ***,BUSN ***,FIN ***,BUSI ***,FIN 3716,FINC ***,FIN ***,FIN 301,FIN 301,FINC 318,FIN 310,FINC 302,FIN 3090,FIN 381,FNAN 300,FINA 3015,FIN 3300,FINC 330B,BADM 301N,
CFRN 1013 (3 Hr),Elementary French I,FREN 101,FREN 1013,FREN 1010,FREN 101,FREN 1010,FREN 101,FREN 1010,FREN 1010,FREN 1010,,FREN 1010,CFRN 4,FREN 1001,GHUM 4,FREN 101,FREN 101,FREN 101,FREN 101,FREN 101,FREN 1010,FREN 101,,FRNH 1001,FREN 1001,FREN 100,FREN 101N,FREN 101S
CFRN 1014 (4 Hr),(3-4 credit hours),,FREN 1013,,GHUM 4,GHUM 4,GHUM 4,,,GHUM 4,FREN 1010,GHUM 4,FREN 1001,,FREN 1001,,,,FREN 101 & FREN ***,,,,FREN 101,,,,,
CFRN 1023 (3 Hr),Elementary French II,FREN 102,FREN 1023,FREN 1020,FREN 102,GHUM 3,FREN 102,FREN 1020,FREN 1***,FREN 1020,,FREN 1020,CFRN 4,FREN 1002,GHUM 4,FREN 102,FREN 102,FREN 102,FREN 102,FREN 102,FREN 1020,FREN 102,FREN 102,FRNH 1002,FREN 1002,FREN 101,FREN 102N,FREN 102S
CFRN 1024 (4 Hr),(3-4 credit hours ),,FREN 1023,,GHUM 4,GHUM 3,GHUM 4,,,GHUM 4,FREN 1024,GHUM 4,FREN 1002,,FREN 1002,,,,FREN 102 & ***,,,,,,,,,
CFRN 2013 (3 Hr),Intermediate French I,FREN 201,FREN 2013,CLAN 3,FREN 201,GHUM 3,FREN 201,GHUM 3,FREN 2***,FREN 2010,FREN 2023,GHUM 3,FREN 2101,FREN 2101,FREN 2101,FREN 201,FREN 201,FREN 201,FREN 201,FREN 201,FREN 2010,FREN 201,FREN 201,FRNH 2001,FREN 2001,FREN 200,FREN 211N,FREN 200S
CFRN 2014 (4 Hr),(3-4 credit hours),,FREN 2013,,GHUM 4,GHUM 3,GHUM 4,FREN ***,,GHUM 4,,GHUM 4,CFRN 4,,GHUM 3,,,,FREN 201 & FREN ***,,,,,,,,,
CFRN 2023 (3 Hr),Intermediate French II,FREN ***,FREN 2023,CLAN 3,FREN 202,GHUM 3,FREN 202,GHUM 3,FREN 2***,FREN 2020,FREN ***,GHUM 3,FREN 2102,FREN 2102,FREN 2102,FREN 205,FREN 202,FREN 202,FREN 202,FREN 202,FREN 2020,FREN 202,FREN 202,FRNH 2002,FREN 2002,FREN 201,FREN ***,FREN 201S
CFRN 2026,Intermediate French I+II (6 cr hrs),FREN ***,FREN 2013 & FREN 2023,CLAN 6,FREN 201 & 202,GHUM 6,GHUM 6,GHUM 6,,FREN 2010 & 2020,FREN ***,CFRN 6,FREN 2101 & 2102,FREN 2101 & 2102,FREN 2101 & 2102,FREN 201 & 205,Fren 210 & 206,FREN 201 & 202,FREN 201 & 202,FREN 201 & 202,FREN 2010 & 2020,FREN 201 & 202,,FRNH 2005,FREN 2001 & 2002,FREN 200 & 201,FREN ***,FREN 200S & 201S
CGEO 1101,Physical Geology Lab,PHSC ***,GEOL ***,GEOL 1030,GEOL 103,GEOL 1011,GNAT 1,GEOL 1030,GNAT 1,GEOL 1001L 1,GEOL 1011,GNAT 1,GEOL 1601,GEOL 1002,GNAT 1,GNAT 1,GNAT 1,GNAT 1,GEOL ***,GEOL ***,GEOL 1031,ESSL 103,GEOL 111,GEOS ***,EES 1001,GEOL ****,GNAT 1,GNAT 1
CGEO 1103,Physical Geology,PHSC 111,GEOL 1103,GEOL 1010,GEOL 101,GEOL 1010,GEOL 101,GEOL 1010,GNAT 3,GEOL 1001 3,GEOL 1010,GNAT 3,GEOL 1001,GEOL 1001,GEOL 1001,GEOL 105,GNAT 3,GEOL 111,GEOL 101,GEOL 101,GEOL 1030,ESSC 101,GEOL 111,GNAT 3,EES 1000,GEOL ****,GNAT 3,GNAT 3
CGEO 1111,Historical Geology Lab,PHSC ***,GEOL ***,GNAT 1,GEOL 104,GEOL 1021,GNAT 1,GNAT 1,GNAT 1,GNAT 1,GEOL 1021,GNAT 1,GEOL 1602,GNAT 1,GNAT 1,GNAT 1,GNAT 1,GNAT 1,GEOL ***,GEOL ***,GEOL 1041,GNAT 1,GEOL 112,GNAT 1,EES 2005,GEOL ****,GNAT 1,GNAT 1
CGEO 1113,Historical Geology,PHSC ***,GNAT 3,GNAT 3,GEOL 102,GEOL 1020,GEOL 102,GNAT 3,GNAT 3,GNAT 3,GEOL 1020,GNAT 3,GEOL 1003,GEOL 1003,GNAT 3,GNAT 3,GNAT 3,GNAT 3,GEOL 102,GEOL 102,GEOL 1040,GNAT 3,GEOL 112,GEOS ***,EES 2004,GEOL ****,GNAT 3,GNAT 3
CGRG 2013,Human Geography,GPHY 102,GEOG ***,GSOC 3,GSOC 3,GSOC 3,GSOC 3,GSOC 3,GSOC 3,GEOG 2010,GEOG 2020,GEOG 2110,GEOG 2010,GEOG 1003,GEOG 1001,GEOG 252,GEOG 201,GEOG 205,GEOG 211,GEOG 104,GEOG 2020,GEOG 410,GEOG 201,GSOC 3,GEOG 1356,,GSOC 3,GSOC 3
CGRG 2113,World Regional Geography,GPHY 105,GEOG 2113,GEOG 1200,ANTH 181,GEOG 2010,GEOG 202,GEOG 1200,GSOC 3,GEOG 2030,GEOG 1010,GSOC 3,GSOC 3,GEOG 1001,GEOG 1001,GEOG 105 or 106,GSOC 3,GEOG 210,GEOG ****,GEOG 104,GEOG 1010,GEOG 141 or 142,GEOG 103,GSOC 3,GEOG 1001 & 1002,GEOG 210B,GSOC 3,GSOC 3
CGRG 2213,Physical Geography,GPHY 101,GSOC 3,GSOC 3,ANTH 205,GEOG 2020,GEOG 205,GSOC 3,GSOC 3,GEOG 2050,GEOG 2050,GEOG 2010,GSOC 3,GEOG 2001,GSOC 3,GEOG 251,GSOC 3,GEOG 203,GEOG 201,GEOG 103,GEOG 2010,GEOG 309,GEOG 104,GEOG 2013,GEOG 2151,GEOG 221B,GSOC 3,GSOC 3
CGRG 2313,Introduction to Geographic Information Systems,,GISC 2033,CSTL 1123,SCIE 161,CGRG 3,GSOC 3,CSTL 1123 3,,GEOG 2023,,,GEOG 2040,GSOC 3,GSOC 3,GEOG 257,GSOC 3,,,GEOG 2***,GSOC 3,GEOG 343,GEOG 380,GSOC 3,GEOG 2***,UFOR 375B,,GSOC 3
CGRM 1013 (3 Hr),Elementary German I (3-4 credit hours ),GERM ***,GHUM 3,CLAN 3,GHUM 3,GHUM 3,GHUM 3,GHUM 3,GERM 1***,GHUM 3,GERM ***,GHUM 3,GERM ***,CLAN 3,GHUM,GERM 101,CLAN 3,GERM ***,GERM 101,GHUM 3,FORL,GERM 101,,GRMN 1001,GER 1001,GERM 100,GHUM 3,GHUM 3
CGRM 1014 (4 Hr),,GERM ***,GHUM 3,CLAN 3,GHUM 4,GHUM 3,GHUM 3,GHUM 3,GERM 1***,GHUM 4,GERM ***,GHUM 4,GERM 1101,CLAN 4,GHUM,,,GERM ***,GERM 101 & GERM ***,,,,GERM 101,,,,GHUM 3,
CGRM 1023 (3 Hr),Elementary German II (3-4 credit hours),GERM ***,GHUM 3,CLAN 3,GHUM 3,GHUM 3,GHUM 3,GHUM 3,GERM 1***,GHUM 3,GERM ***,GHUM 3,GERM ***,CLAN 3,GHUM,GERM 102,CLAN 3,GERM ***,GERM 102,GHUM 3,FORL,GERM 102,GERM 102,GRMN 1002,GER 1002,GERM 101,GHUM 3,GHUM 3
CGRM 1024 (4 Hr),,GERM ***,GHUM 3,CLAN 3,GHUM 4,GHUM 3,GHUM 3,GHUM 3,GERM 1***,GHUM 4,GERM ***,GHUM 4,GERM 1102,CLAN 4,GHUM,,,GERM ***,GERM 102 & GERM ***,,,,,,,,GHUM 3,
CGRM 2013,Intermediate German I,GERM ***,GHUM 3,CLAN 3,GHUM 3,GHUM 3,GHUM 3,GHUM 3,GERM 2***,GHUM 3,GERM ***,GHUM 3,GERM 2101,CLAN 3,GHUM,GERM 201,CLAN 3,GERM ***,GERM ***,GHUM 3,FORL,GERM 201,GERM 201,GRMN 2001,GER 2001,GERM 200,GHUM 3,GHUM 3
CGRM 2023,Intermediate German II,GERM ***,GHUM 3,CLAN 3,GHUM 3,GHUM 3,GHUM 3,GHUM 3,GERM 2***,GHUM 3,GERM ***,GHUM 3,GERM 2102,CLAN 3,GHUM,GERM 205,CLAN 3,GERM ***,GERM ***,GHUM 3,FORL,GERM 202,GERM 202,GRMN 2002,GER 2002,GERM ***,GHUM 3,GHUM 3
CHIS 1013,Western Civilization I,HIST 101,GHUM 3,HIST 1010,HIST 101,HIST 1010,HIST 101,HIST 1010,HIST 1010,HIST10 10,HIST10 20,HIST 1010,HIST 1001,HIST 1001,HIST 1001,HIST 105,HIST 101,HIST 101,HIST 101,HIST 101,HIST 1010,HIST 101,GHUM or GSOC 3,GHUM or GSOC 3,GHUM 3,GHUM 3,GHUM 3,SHIS 101S
CHIS 1023,Western Civilization II,HIST 102,GHUM 3,HIST 1020,HIST 102,HIST 1020,HIST 102,HIST 1020,HIST 1020,HIST 1020,HIST 1021,HIST 1020,HIST 1003,HIST 1003,HIST 1003,HIST 106 or 107,HIST 102,HIST 102,HIST 102,HIST 102,HIST 1020,HIST 102,GHUM or GSOC 3,GHUM or GSOC 3,GHUM 3,GHUM 3,GHUM 3,SHIS 102S
CHIS 1113,World Civilization I,HIST 103,HIST 1113,HIST 1500,HIST 103,HIST 1500,GHUM or GSOC 3,HIST 1500,GHUM or GSOC 3,HIST 1003,HIST 1040,HIST 1210,HIST 1005,GHUM or GSOC 3,GSOC 3,GHUM or GSOC 3,HIST 103,HIST 101,HIST 121,HIST 150,HIST 1010,HIST 107,HIST 101,HIST 1011,HIST 1001,SHIS 111B,SHIS 111N,GHUM 3
CHIS 1123,World Civilization II,HIST 104,HIST 1123,HIST 1510,HIST 105,HIST 1510,GHUM or GSOC 3,HIST 1510,GHUM or GSOC 3,HIST 1005,HIST 1041,HIST 1220,HIST 1007,GHUM or GSOC 3,GSOC 3,GHUM or GSOC 3,HIST 104,HIST 102,HIST 122,HIST 151,HIST 1020,HIST 108,HIST 102,HIST 1012,HIST 1002,SHIS 112B,SHIS 112N,GHUM 3
CHIS 2013,American History I,HIST 201,HIST 2013,HIST 2010,HIST 205,HIST 2010,HIST 201,HIST 2010,HIST 2010,HIST 2010,HIST 2010,HIST 2010,HIST 2055,HIST 2055,HIST 2055,HIST 145,HIST 201,HIST 201,HIST 201,HIST 255,HIST 2010,HIST 201,HIST 221,HIST 2001,HIST 2501,SHIS 224B,SHIS 201N,SHIS 201S
CHIS 2023,American History II,HIST 202,HIST 2023,HIST 2020,HIST 206,HIST 2020,HIST 202,HIST 2020,HIST 2020,HIST 2020,HIST 2020,HIST 2020,HIST 2057,HIST 2057,HIST 2057,HIST 146,HIST 202,HIST 202,HIST 202,HIST 256,HIST 2020,HIST 202,HIST 222,HIST 2002,HIST 2502,SHIS 225B,SHIS 202N,SHIS 202S
CHIS 2033,Louisiana History,HIST 203,HIST 2033,HIST 2100,HIST 260,HIST 2030,HIST 210,HIST 2100,HIST 2100,HIST 2100,HIST 2100,HIST 2100,HIST 3071 or GSOC 3,HIST 3071 or GHUM or GSOC 3,HIST 2071,HIST 271,HIST 322,HIST 360 or ***,GHUM 3,HIST 371 or HIST ***,HIST 3040,HIST 321,HIST 307 or GSOC 3,HIST 3005 or HIST ***,HIST 2601,SHIS 230B,HIST 401N or GHUM 3,SHIS 230S
CHIS 2103,African- American History,HIST ***,HIST 2103,GSOC 3,HIST 141,GHUM 3,HIST 213,GSOC 3,GHUM or GSOC 3,HIST 2061,HIST 2070,GHUM 3,HIST 2061,HIST 2061,HIST 2061,GHUM or GSOC 3,HIST 319,HIST 2***,GHUM 3,GSOC 3,GHUM or GSOC 3,GHUM or GSOC 3,HIST 355,GHUM or GSOC 3,HIST 1010,HIST 311B,HIST 351N,HIST 211S
CHIUM 2213,Humanities I,HMAN 201,HUMN 2213,GHUM 3,HUMA 211,GHUM 3,HUMN 201,CHUM 3,GHUM 3,GHUM 3,CHUM 3,CHUM 3,,CHUM 3,GHUM 3,GHUM 3,GHUM 3,GHUM 3,GHUM 3,GHUM 3,HIST 1010,GHUM 3,HUMN 151,GHUM 3,GHUM 3,GHUM 3,GHUM 3,GHUM 3
CHIUM 2223,Humanities II,HMAN 202,HUMN 2223,GHUM 3,HUMA 212,GHUM 3,HUMN 202,CHUM 3,GHUM 3,GHUM 3,CHUM 3,CHUM 3,,CHUM 3,GHUM 3,GHUM 3,GHUM 3,GHUM 3,GHUM 3,GHUM 3,HIST 1020,GHUM 3,HUMN 152,GHUM 3,GHUM 3,GHUM 3,GHUM 3,GHUM 3
CHLT 1103,Medical Terminology,BLGY 110,HLSC 1103,HSOM 1020/1030,HESC 111,HESC 1110,HSCI 110,HSOM 1020/10 30,,HESC 1000,HLSC 2103,MEDL***,KIN 2509,HESC 1010,ALLH ***,KHS 201,CNAT 3,HIM 103,NRHP 100,NURS ***,ALHE ***,NURS 214,HIM ***,AHSC 2000,EDHS 2400,,HIMS 105N,ALLH 210S
CHLT 2103,Intro to Pharmacology,ALHT 115,CHEM ***,NURS 1500,HESC ***,CPHY 3,HSCI ***,NURS 1500,CHEM 2***,HEIT ***,CHEM ***,BIOL ***,PSYC ***,HESC 1115,GNAT 3,BIOS ***,NUR 205,CHEM 2***,NURS ***,AHSC ****,CHEM ***,GBIO ***,***,AHSC 2***,CHEM ***,,BIOL ---,
CHUM 2013,Africa and the Middle East,HMAN ***,HUMN 2013,GHUM 3,CHUM 3,GHUM 3,CHUM 3,CHUM 3,GHUM 3,GHUM 3,CHUM 3,CHUM 3,,CHUM 3,GHUM 3,GHUM 3,GHUM 3,GHUM 3,ENGL ***,GHUM 3,HIST 1020,GHUM 3,HUMN 200,GHUM 3,GHUM 3,GHUM 3,GHUM 3,GHUM 3
CLTN 1013 (3 Hr),Elementary Latin I (3-4 credit hours),LATN ***,GHUM 3,CLAN 3,GHUM 3,GHUM 3,GHUM 3,GHUM 3,LATN 1***,GHUM 3,LATN ***,GHUM 3,LATN 1***,CLAN 3,GHUM,LATN ***,CLAN 3,LATN ***,LATN 101,GHUM 3,LATN 1010,LAT 101,LATN 101,LATN 1001,LAT 1011,LATN ***,GHUM 3,GHUM 3
CLTN 1014 (4 Hr),,LATN ***,GHUM 3,,GHUM 3,GHUM 3,GHUM 3,,LATN 1***,GHUM 4,LATN ***,GHUM 4,LATN 1001,,GHUM,,,LATN ***,LATN 101 & LATN ***,,,,,,,LATN ***,GHUM 3,
CLTN 1023 (3 Hr),Elementary Latin II (3-4 credit hours),LATN ***,GHUM 3,CLAN 3,GHUM 3,GHUM 3,GHUM 3,GHUM 3,LATN 1***,GHUM 3,LATN ***,GHUM 3,LATN 1***,CLAN 3,GHUM,LATN ***,CLAN 3,LATN ***,LATN 102,GHUM 3,LATN 1020,LAT 102,LATN 102,LATN 1002,LAT 1012,LATN ***,GHUM 3,GHUM 3
CLTN 1024 (4 Hr),,LATN ***,GHUM 3,,GHUM 3,GHUM 3,GHUM 3,,LATN 1***,GHUM 4,LATN ***,GHUM 4,LATN 2051,,GHUM,,,LATN ***,LATN 102 & LATN ***,,,,,,,LATN ***,GHUM 3,
CLTN 1026,Elem Latin I+II (6 cr hrs),LATN ***,GHUM 6,CLAN 6,GHUM 6,GHUM 6,GHUM 6,GHUM 6,LATN 1***,GHUM 3,LATN ***,CLAN 6,LATN 1001 & 2051,CLAN 6,GHUM,LATN ***,CLAN 6,LATN ***,LATN 101 & 102,GHUM 6,LATN 1010 & 1020,LAT 101 & 102,,LATN 1005,LAT 1011 & 1012,LATN ***,GHUM 3,GHUM 3
CLTN 2013,Intermediate Latin I,LATN ***,GHUM 3,CLAN 3,GHUM 3,GHUM 3,GHUM 3,GHUM 3,LATN 2***,GHUM 3,LATN ***,GHUM 3,LATN 2053,CLAN 3,GHUM,LATN ***,CLAN 3,LATN ***,LATN 201,GHUM 3,LATN ***,LAT 201,LATN 101 & 102,LATN 2001,LAT 2011,LATN ***,GHUM 3,GHUM 3
CLTN 2023,Intermediate Latin II,LATN ***,GHUM 3,CLAN 3,GHUM 3,GHUM 3,GHUM 3,GHUM 3,LATN 2***,GHUM 3,LATN ***,GHUM 3,LATN 2065/ 2066/73/74,CLAN 3,GHUM,LATN ***,CLAN 3,LATN ***,LATN 202,GHUM 3,LATN ***,LAT 202,LATN 202,LATN 2002,LAT ***,LATN ***,GHUM 3,GHUM 3
CMAT 1103,Contemporary Mathematics,MATH 124,MATH 1103,MATH 1199/1200,MATH 120,MATH 1103 or 1104,MATH 117,MATH 1199/ 1200,GMAT 3,MATH 1300,GMAT 3,MATH 2000,MATH 1029,MATH 1029,GMAT 3,MATH 124,GMAT 3,MATH 130,MATH 105,MATH 116 or 117,MATH 1035,MATH 185,MATH 102,MATH 1018,MATH 1031,,GNAT 3,MATH 136S
CMAT 1203,Applied Algebra,MATH 101,MATH 1203,MATH 1202/1203,MATH 128,CMAT 3,GMAT 3,MATH 1202/ 1203,MATH 1001,GMAT 3,MATH 1100,MATH 1000,GMAT 3,GMAT 3,MATH 1015,GMAT 3,GMAT 3,MATH 102 or 103,GMAT 3,GMAT 3,GMAT 3,MATH 107,MATH 103 or 105,MATH 1009,MATH 1115,,MATH 121N,MATH 133S
CMAT 1204,The Nature of Mathematics,GMAT 3,MATH 1003,GMAT 3,GMAT 3,CMAT 3,GMAT 3,GMAT 3,GMAT 3,GMAT 3,,GMAT 3,GMAT 3,Math 1100,GMAT 3,GMAT 3,GMAT 3,GMAT 3,GMAT 3,GMAT 3,Math 1035,GMAT 3,GMAT 3,GMAT 3,GMAT 3,,SMAT 151N,GMAT 3
CMAT 1213*,College Algebra,MATH 3 102 or 111,MATH 3 1213,MATH 3 1299/1300,MATH 3 130 or 133,MATH 3 1213 or 1214,MATH 3 110,MATH 3 1299/ 1300,MATH 3 1005 or 1015,MATH 3 1100,MATH 3 1105,MATH 3 1100,MATH 3 1021,MATH 3 1021,MATH 3 1020 or 1021,MATH 3 121,MATH 3 131,MATH 3 100 or 101,MATH 3 113,MATH 3 100 or 101,MATH 3 1020,MATH 3 151,MATH 3 109,MATH 3 1011,MATH 3 1125,SMAT 3 121,MATH 3 121N,SMAT 3 121S
CMAT 1223,Trigonometry,MATH 112,MATH 1223,MATH 1400,MATH 131,MATH 1223,MATH 111,MATH 1400,MATH 1620,MATH 1110,MATH 1110,MATH 1223,MATH 1022,MATH 1022,MATH 1022,MATH 122,MATH 132,MATH 112,MATH 175,MATH 102,MATH 1090,MATH 162,MATH 110,MATH 1012,MATH 1126,SMAT 122,MATH 122N,SMAT 122S
CMAT 1233,Algebra and,,,GMAT 3,GMAT 3,GMAT 3,GMAT 3,GMAT 3,GMAT 3,GMAT 3,MATH 1105 &/or MATH 1110,,GMAT 5,GMAT 3,GMAT 5,MATH 150,GMAT 3,MATH 240,MATH ---,,,GMAT 3,MATH 143,MATH 1013,GMAT 3,,GMAT 3,GMAT 3
CMAT 1234,,,,GMAT 3,GMAT 4,GMAT 3,GMAT 4,GMAT 3,GMAT 3,GMAT 4,MATH 1105 &/or MATH 1110,,GMAT 5,GMAT 3,GMAT 5,,,,MATH ---,MATH 108,,GMAT 3,,,GMAT 3,,GMAT 3,GMAT 3
CMAT 1235,Trigonometry: 3-6 credit hours,,MATH 1235,GMAT 3,MATH 140,GMAT 3,MATH 120,GMAT 3,MATH 1650,GMAT 5,MATH 1105 &/or MATH 1110,MATH 1235,MATH 1023,MATH 1023,MATH 1023,,,,MATH ---,,,MATH 175,,,GMAT 3,SMAT 123,MATH 163N,GMAT 3
CMAT 1236,,MATH 102 & 112 or MATH 113,MATH 1235,GMAT 3,GMAT 6,GMAT 3,GMAT 6,GMAT 3,GMAT 3,MATH 1100 & 1110,MATH 1105 &/or MATH 1110,,GMAT 5,GMAT 3,GMAT 5,,,,MATH 170 and 175,,MATH 1100 or 1810,GMAT 3,,,GMAT 3,,GNAT 3,GMAT 3
CMAT 1303,Introductory Statistics,MATH 210,MATH 1303,MATH 2000,MATH 203,MATH 2100,MATH 210,MATH 2000,MATH 2410,MATH 2140,MATH 2020,MATH 2100,ISDS 2000,MATH 2011,MATH 1425,MATH 210 or 260,MATH 273,STAT 200,STAT 231,MATH 214,MATH 2050,MATH 241,STAT 214,MATH 1016,MATH 2314/ 2785,SMAT 130,SMAT 130N,SMAT 130S
CMAT 1313,Finite Mathematics,MATH 114,MATH 1313,MATH 1700,MATH 151,GMAT 3,MATH 200,MATH 1700,MATH 1500,MATH 1500,MATH 2040,MATH 1313,GMAT 3,MATH 1313,GMAT 3,MATH 128,GMAT 3,MATH 125,MATH 130,GMAT 3,MATH 1060,MATH 105,GMAT 3,GMAT 3,GMAT 3,,SMAT 131N,SMAT 131S
CMAT 1413,Math for Elem Tchrs,MATH 117,MATH 1673,MATH 1600,MATH 123,MATH 1413,MATH 203,MATH 1600,GMAT 3,MATH 1167,MATH 1107,GMAT 3,GMAT 3,MATH 1201,MATH 1018,MATH 127,MATH 137,MATH 203,MATH ***,MATH 110,MATH 2030,MATH 247,MATH 117,MATH 2050,MATH 1021,,GMAT 3,GMAT 3
CMAT 1423,Geometry for Elem Tchrs,MATH 217,MATH 1683,MATH 1630,MATH 124,MATH 1423,MATH 168,MATH 1630,GMAT 3,MATH 1168,MATH 2007,GMAT 3,GMAT 3,MATH 1202,MATH 1019,MATH 217,MATH 307,MATH 204,MATH ***,MATH 210,MATH 2040,MATH 248,MATH 217,MATH 3050,MATH 1023,,GMAT 3,GMAT 3
CMAT 2103,Applied Calculus,,MATH 2103,GMAT 3,MATH 220,MATH 2010,GMAT 3,GMAT 3,MATH 1630,MATH 2010,MATH 2010,MATH 2103,MATH 1431,MATH 1431,MATH 1431,MATH 131,GMAT 3,MATH 222,MATH ***,GMAT 3,MATH 2010,MATH 163,MATH 250,MATH 1014,GMAT 3,,GMAT 3,GMAT 3
CMAT 2113 (3 Hr),Calculus I : 3-6 credit hours,,,,GMAT 3,GMAT 3,GMAT 3,,GMAT 3,GMAT 3,MATH 2210,MATH 2113,GMAT (3-5),MATH 1540,GMAT 5,,MATH 153,MATH 241,MATH 1***,MATH 1***,Math 2100,GMAT 3,GMAT 3,GMAT 3,GMAT 3,,GMAT (3-6),GMAT 3
CMAT 2114 (4 Hr),,,,,GMAT 3,GMAT 3,GMAT 3,,GMAT 3,GMAT 4,MATH 2210,,GMAT (3-5),MATH 1550,GMAT 5,MATH 221,,,MATH 190,,,GMAT 3,MATH 270,MATH 1031,MATH 2114,SMAT 211,MATH 290N+ 290LN,GMAT 4
CMAT 2115 (5 Hr),,MATH 250,MATH 2115,MATH 2010,MATH 221,MATH 2115,MATH 220,MATH 2010,MATH 2000,MATH 2100,MATH 2210,,MATH 1550,,MATH 1550,,,,MATH ---,MATH 165,MATH 2100,MATH 200,,,---,,GMAT 3,SMAT 211S
CMAT 2116 (6 Hr),,,MATH 2115,,GMAT 3,GMAT 3,GMAT 3,,GMAT 3,GMAT 6,MATH 2210,,MATH 1530 & 1540,,GMAT 5,GMAT 3,,MATH 242,MATH ***,MATH 1***,GMAT 3,GMAT 3,GMAT 3,GMAT 3,GMAT 3,,GMAT 3,GMAT 6
CMAT 2123 (3 Hr),Calculus II : 3-5 credit hours,,,,,GMAT 3,GMAT 3,,GMAT 3,GMAT 3,MATH 2211,MATH 2123,GMAT 4,,GMAT 4,,MATH 154,GMAT 3,MATH ---,,,GMAT 3,,,,,GMAT 3,GMAT 3
CMAT 2125 (5 Hr),,,MATH 2125,MATH 2100,MATH 222,GMAT 3,MATH 221,MATH 2100,GMAT 3,MATH 2110,MATH 2211,,GMAT 4,,GMAT 4,,,,MATH ---,,MATH 2110,MATH 201,,,---,,GMAT 3,GMAT 3
CMAT 2133,Calculus III,MATH 252,MATH 2134,GMAT 3,MATH 223,GMAT 3,GMAT 3,GMAT 3,GMAT 3,GMAT 3,GMAT 3,GMAT 3,GMAT 3,GMAT 3,MATH 2057,MATH 223,MATH 201,MATH 2***,MATH ***,MATH ***,GMAT 3,GMAT 3,MATH 302,MATH 2***,MATH 2134,,MATH 292N,GMAT 4
CMGM 2103,Principles of Management (Lower Level),BADM 212,MANG 2103,BUSN 2100,MANG 201,BUSN 2100,BUSN 210,BUSN 2100,BUSN 2***,MGMT 2010,GBUS 2010,BUSI 2310,MGT ***,MGMT ***,MGMT 2999,MADM ***,MAN ***,MGMT ***,MGMT ***,MNGT ***,MGT ***,MGMT 2***,MGMT 230,MGMT ***,MANG ***,BUSP** *,BADM ***,MGMT 201S
CMGM 2213,Human Resource Mgt (Lower Level),BADM 213,MANG 2213,BUSN 2150,MANG 131,BUSN 2120,BUSN 131,BUSN 2150,BUSN 2***,BUSN 1310,GBUS 2065,BUSI 2080,MGT ***,MGMT ***,MGMT 2260,MADM ***,MAN ***,MGMT ***,MGMT ***,MNGT ***,MGT ****,MGMT 2***,MGMT ***,MGMT ***,MANG ***,BUSP** *,BADM ***,
CMGM 2313,Small Business Mgt (Lower Level),HCM 250,MANG 2313,BUSN 1510,MANG 222,BUSN ***,BUSN 190,BUSN 1510,BUSN 2***,BUSN 2220,GBUS ***,BUSI ***,ENTR ***,MGMT ***,BADM 2050,MADM 205,MAN ***,MGMT ***,MGMT ***,MNGT ***,BUAD ***,MGMT 2***,MGMT ***,MGMT ***,BA ***,BUSP** *,ENTR 240N,
CMGM 2413,Intro to Entrepreneurshi p (Lower Level),BADM 216,MANG 2413,BUSN 1500,MANG ***,BUSN 2140,BUSN ***,BUSN 1500,,BUSN ***,GBUS 2080,BUSI ***,ENTR 2000,MGMT ***,MGMT ***,MADM ***,MAN ***,MGMT ***,ENTR ***,MNGT ***,BUAD ***,MGMT 2***,MGMT ***,ENTR 2050,BA 1001,BUSP** *,ENTR 101N,MGMT 240S
CMGM 3013,Management Information Systems,BADM ***,MANG ***,CMGM 3,MANG ***,MANG ***,BUSN ***,BUSN ***,,MGMT ***,GBUS ***,BUSI ***,ISDS ***,MGMT ***,MGMT ***,ISDS 350,MAN ***,CIS 310,BADM 374,CIS ***,CIS 3100,OMIS 350,MGMT ***,CINS 3050,MANG 3778,MGMT 305B,CISP 250N,
CMGM 3103,Principles of Management (Upper Level),BADM ***,MANG ***,CMGM 3,MANG ***,BUSN ***,BUSN ***,BUSN ***,,MGMT ***,GBUS ***,BUSI ***,MGT 3200,MGMT 3200,MGMT ***,MADM 301,MAN 301,MGMT 310,MGMT 300,MNGT 301,MGT 3220,MGMT 351,MGMT 320,MGMT 3001,MANG 3401,MGMT 300B,MGMT 362N,
CMGM 3213,Production & Operations (Upper Level),BADM ***,MANG ***,CMGM 3,MANG ***,BUSN ***,BUSN ***,BUSN ***,,MGMT ***,GBUS ***,BUSI ***,ISDS 3115,MGMT 3215,MGMT ***,ISDS 383,MAN 312,MGMT 333,MGMT 370,MNGT 368,MGT 3580,OMIS 430,MGMT ***,MGMT 3009,MANG 3402,MGMT 310B,BADM 366N,
CMGM 3313,Human Resource Mgt (Upper Level),BADM ***,MANG ***,CMGM 3,MANG ***,BUSN ***,BUSN ***,BUSN ***,,MGMT ***,GBUS ***,BUSI ***,MGT 3320,MGMT 3320,MGMT ***,MADM 320,MAN 310,MGMT 470,MGMT 310,MNGT 367,MGT 4270,MGMT 471,MGMT 365,MGMT 3007,MANG 3467,MGMT 320B,MGMT 364N,
CMGM 3413,Small Business Mgt (Upper Level),BADM ***,MANG ***,CMGM 3,MANG ***,BUSN ****,BUSN ***,BUSN ****,,BUSN ***,GBUS ***,BUSI ***,ENTR 4113,MGMT 4113,BADM ****,MADM ***,MAN 350,MGMT 340,MGMT ***,MNGT 410,BUAD ***,MGMT 375,MGMT ***,MGMT 3***,BA ***,,BADM ***,
CMGM 3513,Intro to Entrepreneurshi p (Upper Level),BADM ***,MANG ***,CMGM 3,MANG ***,BUSN ***,BUSN ***,BUSN ***,,BUSN ***,GBUS ***,BUSI ***,ENTR 3111,MGMT 3001,MGMT ***,MADM 410,MAN 385,MGMT 340,ENTR 304,MNGT 305,BUAD 4190,MGMT 485,MGMT ***,ENTR ***,BA 4056,MGMT 470B,ENTR ***,
CMGM 4103,Organizational Behavior (Upper Level),BADM ***,MANG ***,CMGM 3,MANG ***,BUSN ***,BUSN ***,BUSN ***,,BUSN ***,GBUS ***,BUSI ***,MGT 3620,MGMT 4620,MGMT ***,MADM 321,MAN 305,MGMT ***,MGMT 330,MNGT 470,MGT 3220,MGMT 473,MGMT 350,MGMT 3005,MANG 4487,MGMT 420B & FCSC 476,BADM ***,
CMGM 4213,Management in a Global Context (Upper Level),BADM ***,MANG ***,CMGM 3,MANG ***,BUSN ***,BUSN ***,BUSN ***,,BUSN ***,GBUS ***,BUSI ***,MGT 4430,MGMT 4420,MGMT ***,MADM 360,MAN 410,MGMT 485,BADM ***,MNGT 420,MGT 4350,MGMT 425,MGMT 425,MGMT 4002,MANG 4446,MGMT 480B,BADM ***,
CMKT 2003,Foundations of Marketing (Lower Level),BADM 214,BUSN 2003,BUSN 2000,MARK 201,BUSN 2230,BUSN 201,BUSN 2000,BUSN 2***,BUSN 2000,GBUS 2020,BUSI 2320,MKT ***,MKTG ***,MKTG 2999,MKT ***,MKT ***,MKTG ***,MKTG ***,BSAD ***,MKTG ***,MRKT 123,MKTG 260,MRKT ***,MKT ***,BUSP** *,BADM ***,MGMT 250S
CMKT 3003,Princples of Marketing (Upper Level),BADM ***,BUSN ***,CMKT 3,MARK ***,BUSN ***,BUSN ***,BUSN ***,,BUSN ***,GBUS ***,BUSI ***,MKT 3401,MKTG 3401,MKTG ***,MKT 301,MKT 301,MKTG 300,MKTG 320,MKTG 300,MKTG 3230,MRKT 303,MKTG 345,MRKT 3001,MKT 3501,MKTG 300B,MKTG 370N,
CMKT 3103,Retail Management,BADM ***,BUSN ***,CMKT 3,MARK ***,BUSN ***,BUSN ***,BUSN ***,,BUSN ***,GBUS ***,BUSI ***,MKT 3431,MKTG ***,MKTG ***,MKT 430,MKT 303,MKTG 435,MKTG 351,MKTG 350,MKTG 4350,MRKT 331,MKTG 350,MRKT 3007,MKT 3552,MKTG 330B,MKTG 374N,
CMKT 3203,Personal/Profes sional Selling (Upper Level),BADM ***,BUSN ***,CMKT 3,MARK ***,BUSN ***,BUSN ***,BUSN ***,,BUSN ***,GBUS ***,BUSI ***,MKT 3427,MKTG ***,MKTG ***,MKT 330,MKT 309,MKTG 307,MKTG 380,MKTG 320,MKTG 4200,MRKT 321,MKTG ***,MRKT 3005,MKT 3515,MKTG 335B,MKTG 376N,
CMUS 1013,Music Appreciation,MUSC 120,MUSC 1013,MUSC 1013,MUSC 105,MUSC 1010,MUSC 101,MUSC 1013,MUSC 1010,MUSC 1010,MUSC 1010,GFAR 3,MUS 1751,MUSI 1751,MUS 1751,MUS 120,MUS 219,MUGN 290,MUSC 215,MUS 105,FA 1040,MUS 151,MUS 105,MUSC 1091,MUS 1000,MUSC 200 B,MUSC 101N,MUSC 200S
CMUS 1023,Jazz Appreciation,MUSC 121,MUSC 1023,GFAR 3,MUSC 137,MUSC 2020,GFAR 3,GFAR 3,GFAR 3,GFAR 3,MUSC 2300,GFAR 3,MUS 1751,GFAR 3,GFAR 3,GFAR 3,GFAR 3,MUGN ***,GFAR 3,MUS 319,FA 1040,MUS 251,MUS 108,MUSC 1092,MUS 1003,CMUS,GFAR 3,GFAR 3
CPHL 1013,Intro to Philosophy,PHIL ***,PHIL 1013,PHIL 1100,PHIL 101,PHIL 2030,PHIL 201,PHIL 1100,GHUM 3,PHIL 2010,PHIL ***,PHIL 1013,PHIL 1000,PHIL 1000,PHIL 1000,PHIL 105,PHIL 201,PHIL 201,PHIL 201,PHIL 203,PHIL 1010,GHUM 3,PHIL 101,GHUM 3,PHIL 1000,PHIL 200B,PHIL 211N,GHUM 3
CPHL 2013,Intro to Ethics,PHIL ***,PHIL 2013,PHIL 2200,PHIL 175,GHUM 3,GHUM 3,PHIL 2200,GHUM 3,PHIL 2050,PHIL ***,GHUM 3,PHIL 2020,PHIL 2020,GHUM 3,PHIL 250,GHUM 3,PHIL 205,GHUM 3,HUMA 120,PHIL 2020,GHUM 3,PHIL 111,GHUM 3,PHIL 2201,PHIL 220B,PHIL 222N,GHUM 3
CPHL 2113,Intro to Logic,PHIL ***,PHIL 2113,GHUM 3,PHIL 112,GANR 3,GANR 3,GANR 3,GANR 3,PHIL 2030,PHIL ***,GANR 3,PHIL 1021,PHIL 1021,PHIL 1021,PHIL 206,GHUM 3,PHIL ***,PHIL 102,PHIL ***,PHIL 2030,PHIL 201,PHIL 202,GHUM 3,PHIL 1101,PHIL 210B,PHIL 212N,GHUM 3
CPHY 1013,Intro to Concepts in Physics,PHSC 105,PHYS 1013,PHYS 1010,PHYS 101,GNAT 3,GNAT 3,PHYS 1010,PHYS 1010,GNAT 3,PHYS 1010,GNAT 3,PHYS 2401,PHYS 1001,PHYS 1001,GNAT 3,GNAT 3,PHYS 205,GNAT 3,GNAT 3,GNAT 3,PHSC 101,PHYS 213,GNAT 3,PHYS 1001 or 1002,PHYS ***,PHYS 103,GNAT 3
CPHY 1023,Physical Science I,SCI 101,PHSC 1023,PHSC 1000,SCIE 101,PHSC 1000,PHSC 100,PHSC 1000,GNAT 3,PHSC 1010,PHSC 1000,PHSC 1000,PHSC 1001,PHSC 1001,PHSC 1001,PHSC 105,SCI 105,PHYS 205,PHSC 101,PHSC 101,SCI 1010,PHSC 101,PHYS 213,PHYS 1001,SCI 1000NE,SPHY 102B,PHYS 102N,SPHY 102S
CPHY 1033,Physical Science II,SCI 102,PHSC 1033,PHSC 1200,SCIE 102,PHSY 1200,PHSC 120,PHSC 1200,GNAT 3,PHSC 1020,PHSC 1200,PHSC 1200,PHSC 1002,PHSC 1002,PHSC 1002,PHSC 106,SCI 106,PHYS 206,GNAT 3,PHSC 102 or 103,SCI 2010,PHSC 102,GNAT 3,PHYS 1002,SCI 1000NE,SPHY 103B,SPHY 103N,SPHY 103S
CPHY 2111,Physics I Lab (Algebra / Trigonometry Based),PHYS 201L,PHYS 2111,PHYS 1110,PHYS 143,PHYS 2111,PHYS 211,PHYS 1110,GNAT 3,PHYS 2010L,PHYS 2071,PHYS 2110,PHYS 2108,PHYS 2108,PHYS 2108,PHYS 251L,PHYS 111,PHYS 261,PHYS 205,PHYS 203,PHYS 2031,PLAB 193,PHYS 215,PHYS 2009,PHYS 1033,,GNAT 1,GNAT 1
CPHY 2113,Physics I (Algebra / Trigonometry Based),PHYS 201,PHYS 2113,PHYS 1100,PHYS 141,PHYS 2113,PHYS 210,PHYS 1100,GNAT 3,PHYS 2010,PHYS 2070,PHYS 2100,PHYS 2001,PHYS 2001,PHYS 2001,PHYS 251,PHYS 109,PHYS 209,PHYS 201,PHYS 101,PHYS 2030,PHYS 191,PHYS 207,PHYS 2003,PHYS 1031,,GNAT 3,GNAT 3
CPHY 2114,Physics I (Algebra/Trig Based) Lec + lab,PHYS 201 & 201L,PHYS 2113 & 2111,PHYS 1100 & 1110,PHYS 141 & 143,GNAT 3,PHYS 210 & 211,PHYS 1100 & 1110,GNAT 3,PHYS 2010 & 2010L,PHYS 2070 & 2071,PHYS 2100 & 2110,PHYS 2001 & 2108,PHYS 2001 & 2108,PHYS 2001 & 2108,PHYS 251 & 251L,PHYS 109 & 111,PHYS 209 & 261,PHYS 201 & 205,PHYS 101 & 203,PHYS 2030 & 2031,PHYS 191 & PLAB 193,PHYS 207 & 215,PHYS 2003 & 2009,PHYS 1031 & 1033,SPHY 211B,GNAT 4,GNAT 4
CPHY 2121,Physics II Lab (Algebra / Trigonometry Based),PHYS 202L,PHYS 2121,PHYS 1210,PHYS 144,CPHY 1,PHYS 221,PHYS 1210,GNAT 3,PHYS 2020L,PHYS 2081,PHYS 2210,PHYS 2109,PHYS 2109,PHYS 2109,PHYS 252L,PHYS 112,PHYS 262,PHYS 206,PHYS 204,PHYS 2041,PLAB 194,PHYS 216,PHYS 2010,PHYS 1034,,GNAT 1,GNAT 1
CPHY 2123,Physics II (Algebra / Trigonometry Based),PHYS 202,PHYS 2123,PHYS 1200,PHYS 142,GNAT 3,PHYS 220,PHYS 1200,GNAT 3,PHYS 2020,PHYS 2080,PHYS 2200,PHYS 2002,PHYS 2002,PHYS 2002,PHYS 252,PHYS 110,PHYS 210,PHYS 202,PHYS 102,PHYS 2040,PHYS 192,PHYS 208,PHYC 2004,PHYS 1032,,GNAT 3,GNAT 3
CPHY 2124,Physics II (Algebra/Trig Based) Lec + Lab,PHYS 202 & 202L,PHYS 2123 & 2121,PHYS 1200 & 1210,PHYS 142 & 144,GNAT 3,PHYS 220 & 221,PHYS 1200 & 1210,GNAT 3,PHYS 2020 & 2020L,PHYS 2080 & 2081,PHYS 2200 & 2210,PHYS 2002 & 2109,PHYS 2002 & 2109,PHYS 2002 & 2109,PHYS 252 & 252L,PHYS 110 & 112,PHYS 210 & 262,PHYS 202 & 206,PHYS 102 & 204,PHYS 2040 & 2041,PHYS 192 & PLAB 194,PHYS 208 & 216,PHYC 2004 & 2010,PHYS 1032 & 1034,SPHY 212B,GNAT 4,GNAT 4
CPHY 2131,Physics I Lab (Calculus Based),GNAT 1,PHYS 2111,GNAT 1,PHYS 223,GNAT 1,GNAT 1,GNAT 1,GNAT 1,GNAT 1,GNAT 1,GNAT 1,PHYS 2108,PHYS 2108,PHYS 2108,PHYS 261L,PHYS 153L,PHYS 261,GNAT 1,PHYS 203,PHYS 2511,PLAB 223,PHYS 215,PHYS ***,PHYS 1063,SPHY 213LB,SPHY 213LN,SPHY 213S
CPHY 2133,Physics I (Calculus Based),PHYS 211,PHYS 2133,GNAT 3,PHYS 221,GNAT 3,GNAT 3,GNAT 3,GNAT 3,GNAT 3,GNAT 3,GNAT 3,PHYS 2110,PHYS 2101,PHYS 2110,PHYS 261,PHYS 153,PHYS 201,PHYS 211,PHYS 201,PHYS 2510,PHYS 221,GNAT 3,PHYS 2007,PHYS 1061,SPHY 213B,SPHY 213N,SPHY 213S
CPHY 2141,Physics II Lab (Calculus Based),GNAT 1,PHYS 2121,GNAT 1,PHYS 224,GNAT 1,GNAT 1,GNAT 1,GNAT 1,GNAT 1,GNAT 1,GNAT 1,PHYS 2109,PHYS 2109,PHYS 2109,PHYS 262L,PHYS 154L,PHYS 262,GNAT 1,PHYS 204,PHYS 2521,PLAB 224,PHYS 216,PHYS ***,PHYS 1065,SPHY 214LB,SPHY214L N,SPHY 214S
CPHY 2143,Physics II (Calculus Based),,PHYS 2143,GNAT 3,PHYS 228,GNAT 3,GNAT 3,GNAT 3,GNAT 3,GNAT 3,GNAT 3,GNAT 3,PHYS 2112,GNAT 3,GNAT 3,PHYS 262,PHYS 154,,GNAT 3,PHYS ***,PHYS 2520,GNAT 3,GNAT 3,GNAT 3,PHYS 1062,,SPHY 214N,SPHY 214S
CPHY 2153,Physics III (Calculus Based),PHYS ***,PHYS 2153,GNAT 3,PHYS 229,GNAT 3,GNAT 3,GNAT 3,GNAT 3,GNAT 3,GNAT 3,GNAT 3,PHYS 2113,GNAT 3,PHYS 2113,GNAT 3,GNAT 3,PHYS ***,PHYS 212,PHYS 202,GNAT 3,PHYS 222,GNAT 3,PHYS 2008,PHYS ***,SPHY 215B,GNAT 3,GNAT 3
CPOL 2013,Intro to American Govt,POSC 201,POLI 2013,POLI 1100,POLI 180,POLI 1100,POLI 110,POLI 1100,POLI 2010,POLI 1100,POLI 1100,POLI 1100,POLI 2051,POLI 2051,POLS 2051,POLI 151,PS 201,POLS 201,POLS 201,GOVT 101,PSCI 2010,POLI 201,POLS 110,POLS 2001,POLI 2151,SPOL 201B,SPOL 201N,SPOL 201S
CPOL 2113,Intro to State & Local Government,POSC 202,GSOC 3,GSOC 3,GSOC 3,POLI 2520,POLI 202,GSOC 3,POLI 2020,POLI 2000,POLI 1020,POLI 2100,POLI 2056,POLI 2056,POLI 2056,GSOC 3,GSOC 3,POLS ***,GSOC 3,GOVT 252,PSCI 2020,POLI 202,GSOC 3,POLS 2002,POLI ****,SPOL 211B,SPOL 211N,SPOL 211S
CPOL 2213,Intro to Comparative Govt,POSC ***,POLI 2213,GSOC 3,GSOC 3,POLI 2500,GSOC 3,GSOC 3,GSOC 3,GSOC 3,POLI 1020,GSOC 3,POLI 2053,GSOC 3,GSOC 3,POLI 203 or 204,GSOC 3,POLS ***,GSOC 3,GOVT ***,GSOC 3,GSOC 3,POLS 220,GSOC 3,POLI 2600,SPOL 232B,POLI ***,GSOC 3
CPSY 2013,Intro to Psychology,PSYC 201,PSYC 2013,PSYC 1100,PSYC 127,PSYC 2010,PSYC 201,PSYC 1100,PSYC 2015,PSYC 2010,PSYC 2010,PSYC 2010,PSYC 2000,PSYC 2000,PSYC 2000 or 2001,PSYC 152,PSY 200,PSYC 102,PSYC 101,PSYC 101,PSYC 1010,PSYC 101,PSYC 110,PSYC 2001,PSYC 1000,SPSY 201B,SPSY 201N,SPSY 201S
CPSY 2113,Developmental Psychology,PSYC 220,PSYC 2113,PSYC 2100,PSYC 226,PSYC 2120,PSYC 226,PSYC 2100,PSYC 2040,PSYC 2260,PSYC 2080,PSYC 2335,PSYC 2070,PSYC 2070,PSYC 2070,PSYC 209,PSY 202,PSYC 208,PSYC 233,PSYC 212,PSYC 2050,PSYC 204,PSYC 225,PSYC 2078,PSYC 2100,PSYC 445B,PSYC 340N,SPSY 211S
CPSY 2213,Adolescent Psychology,PSYC 206,PSYC 2083,PSYC 2220,GSOC 3,GSOC 3,PSYC 227,PSYC 2220,GSOC 3,PSYC 2045,PSYC 2040,GSOC 3,PSYC 2078,PSYC 2078,PSYC 2078,PSYC 208,ED 204,PSYC 206,PSYC 261,PSYC 210,EPSY 2020,GSOC 3,PSYC 312,PSYC 2005,PSYC 2120,CRIN 240B,GSOC 3,SPSY 221S
CPSY 2313,Child Psychology,PSYC 205,PSYC 2313,PSYC 2200,PSYC 225,PSYC 2060,PSYC 225,PSYC 2200,GSOC 3,PSYC 2250,PSYC 2030,GSOC 3,PSYC 2076,PSYC 2076,PSYC 2076,PSYC 207,GSOC 3,PSYC 205,PSYC 260,PSYC 206,EPSY 2020,PSYC 324,PSYC 311,PSYC 2003,PSYC 2110,CRIN 230B,PSYC 315N,PSYC 230S
CPSY 2413,Social Psychology,PSYC 290/ SLGY 290,PSYC 2413,PSYC 2000,PSYC 245,PSYC 2110,GSOC 3,PSYC 2000,PSYC 2100,PSYC 2040,PSYC 2070,GSOC 3,PSYC 2040,GSOC 3,PSYC 2040,PSYC 212,SOC 305,GSOC 3,GSOC 3,PSYC 211,PSYC 3060 or GSOC 3,PSYC 210,PSYC 330,GSOC 3,PSYC 2400,PSYC 342B,PSYC 444N,SPSY 241S
CPSY 2613,Educational Psychology,PSYC 210,PSYC 2613,PSYC 2250,PSYC 235,PSYC 2610,GSOC 3,PSYC 2250,GSOC 3,PSYC 2300,PSYC 2020,GSOC 3,PSYC 2060,PSYC 2060,PSYC 2060,PSYC 206,ED 300,PSYC 204,PSYC 211,PSYC ***,GSOC 3,EPSY 301,PSYC 220,GSOC 3,PSYC 2200,CRIN 220B,GSOC 3,SPSY 261S
CREL 2213,World Religions,RLGN 203,PHIL 2283,PHIL 1130,PHIL ***,GHUM 3,GHUM 3,PHIL 1130,RELG 2015,GHUM 3,PHIL ***,RELG 2110,REL 1000,RELG 2025,GHUM 3,PHIL ***,GSOC 3,GHUM 3,RELS 201,GHUM 3,PHIL 1020,GHUM 3,PHIL 231,GHUM 3,PHIL 2700,,GHUM 3,GHUM 3
CSOC 2013,Intro to Sociology,SLGY 201,SOCL 2013,SOCL 1100,SOCI 151,SOCI 2010,SOCL 201,SOCI 1100,SOCL 2015,SOCL 2000,SOCI 1010,SOCL 2010,SOCL 2001,SOCL 2001,SOCL 2001 or 2002,SOCL 105,SOC 201,SOC 201,SOCL 201,SOCI 151,SOC 1010,SOC 101,SOCI 100,SOCL 1001,SOC 1051,SSOC 201B,SSOC 201N,SSOC 201S
CSOC 2113,Social Problems,SLGY 202,SOCL 2113,SOCL 2100,SOCI 155,SOCI 2020,SOCL 202,SOCI 2100,SOCL 2120,SOCL 2050,SOCI 2020,SOCL 2020,SOCL 2501,SOCL 2501,SOCL 2501,SOCL 142,SOC 203,SOC 202,SOCL 211,SOCI 201,GSOC 3,SOC 212,SOCI 241,SOCL 2003,SOC 2962,SSOC 211B,SOCL ***,SSOC 211S
CSOC 2213,Marriage and Family,SLGY 203,SOCL 2213,SOCL 2200,SOCI 255,GSOC 3,GSOC 3,SOCI 2200,SOCL 2220,SOCL 2500,SOCI 2050,GSOC 3,SOCL 2505,SOCL 2505,SOCL 2505,SOCL 255,GSOC 3,SOC ***,GSOC 3,GSOC 3,GSOC 3,SOC 222,SOCI 305,SOCL ***,SOC 4104,SOCL 335B,SSOC 223N,SSOC 235S
CSOC 2313,Sociology of Deviance,SLGY 204,GSOC 3,SOCL 2500,GSOC 3,GSOC 3,GSOC 3,SOCI 2500,GSOC 3,GSOC 3,GSOC 3,GSOC 3,GSOC 3,SOCL 2094,GSOC 3,GSOC 3,SOC 312,SOC 313,GSOC 3,GSOC 3,GSOC 3,CJ 296,SOCI 350,SOCL ***,SOC 4219,SOCL 382B & FCGS 315,SSOC 430N,GSOC 3
CSOC 2413,"Race, Class & Ethnicity",SLGY 207,SOCL 2413,GSOC 3,SOCI 250,GSOC 3,GSOC 3,GSOC 3,GSOC 3,GSOC 3,GSOC 3,GSOC 3,SOCL 2511,GSOC 3,GSOC 3,GSOC 3,SOC 306,SOC 312,GSOC 3,SOCI 204,GSOC 3,SOC 411 or ANTH 411,SOCI 310,SOCL ***,SOC 2994,SOCL 434B,SSOC 346N,SSOC 241S
CSOC 3013,Sociological Theory,SLGY ***,SOCL ***,GSOC 3,SOCI ***,GSOC 3,SOCL ***,GSOC 3,GSOC 3,GSOC 3,GSOC 3,GSOC 3,SOCL 3101,GSOC 3,GSOC 3,SOCL 465,SOC 304,SOC 401,SOCL 411,SOCI 400,GSOC 3,SOC 430,SOCI 411,SOCL ***,SOC 4086,SOCL 455B,SSOC 301N,SOCL ***
CSOC 3113,Intro to Statistical Analysis,SLGY ***,SOCL ***,GSOC 3,SOCI ***,GSOC 3,SOCL ***,GSOC 3,GSOC 3,GSOC 3,GSOC 3,GSOC 3,GSOC 4,GSOC 3,GSOC 3,GSOC 3,SOC 327,SOC ***,GSOC 3,SOCI 305,CJ 4200,SOC 305,SOCI 306 or 308,SOC 4071,SOC 2707,SOCL 350B,SSOC 311N,SOCL ***
CSPN 1013 (3 Hr),Elementary Spanish I,SPAN 101,SPAN 1013,SPAN 1010,SPAN 101,SPAN 1010,SPAN 101,SPAN 1010,SPAN 1010,GHUM 3,SPAN ***,SPAN 1010,SPAN ***,SPAN 1001,GHUM,SPAN 101,SPAN 101,SPAN 101,SPAN 101,SPAN 101,SPAN 1010,SPAN 101,,SPAN 1001,SPAN 1001,SSPN 101B,SSPN 101N,SSPN 101S
CSPN 1014 (4 Hr),(3-4 credit hours),,SPAN 1013,,GHUM 4,GHUM 3,GHUM 4,,,SPAN 1101,SPAN 1010,GHUM 4,SPAN 1101,,SPAN 1101,,,,SPAN 101 & SPAN ***,,,,SPAN 101,,,,,
CSPN 1023 (3 Hr),Elementary Spanish II,SPAN 102,SPAN 1023,SPAN 1020,SPAN 102,SPAN 1020,SPAN 102,SPAN 1020,SPAN 1020,GHUM 3,SPAN ***,SPAN 1020,SPAN ***,SPAN 1002,GHUM,SPAN 102,SPAN 102,SPAN 102,SPAN 102,SPAN 102,SPAN 1020,SPAN 102,SPAN 102,SPAN 1002,SPAN 1002,SSPN 102B,SSPN 102N,SSPN 102S
CSPN 1024 (4 Hr),(3-4 credit hours),,SPAN 1023,,GHUM 4,GHUM 3,GHUM 4,,,SPAN 1102,SPAN 1020,GHUM 4,SPAN 1102,,SPAN 1102,,,,SPAN 102 & SPAN ***,,,,,,,,,
CSPN 1026,Elementary Spanish I+II (6 credit hrs),SPAN 101 & 102,SPAN 1013 & 1023,,SPAN 101 & 102,SPAN 1010 & 1020,SPAN 101 & 102,,SPAN 1010 & 1020,SPAN 1101 & 1102,SPAN ***,GHUM 6,SPAN 1152,,SPAN 1101 & 1102,SPAN 101 & 102,SPAN 101 & 102,SPAN 101 & 102,SPAN 101 & 102,SPAN 101 & 102,SPAN 1010 & 1020,SPAN 101 & 102,,SPAN 1005,SPAN 1001 & 1002,,SSPN 103N,SSPN 101S & 102S
CSPN 2013 (3 Hr),Intermediate Spanish I,SPAN 201,SPAN 2013,SPAN 2010,SPAN 201,SPAN 2010,SPAN 201,SPAN 2010,SPAN 2***,SPAN 2101,SPAN ***,GHUM 3,SPAN 2101,SPAN 2101,SPAN 2101,SPAN 201,SPAN 201,SPAN 201,SPAN 201,SPAN 201,SPAN 2010,SPAN 201,SPAN 201,SPAN 2001,SPAN 2001,SPAN 201B,SSPN 201N,SSPN 201S
CSPN 2014 (4 Hr),(3-4 credit hours),SPAN ***,SPAN 2013,,GHUM 4,GHUM 3,GHUM 4,,SPAN 2***,GHUM 4,SPAN 2010,GHUM 4,SPAN ***,,GHUM,,,,SPAN 201 & SPAN ***,,,,,,,,SPAN ***,
CSPN 2023,Intermediate Spanish II,SPAN ***,SPAN 2023,SPAN 2020,SPAN 202,SPAN 2020,SPAN 202,SPAN 2020,SPAN 2***,SPAN 2102,SPAN ***,GHUM 3,SPAN 2102,SPAN 2102,SPAN 2102,SPAN 205,SPAN 202,SPAN 202,SPAN 202,SPAN 202,SPAN 2020,SPAN 202,SPAN 202,SPAN 2002,SPAN 2002,SSPN 201B,SPAN ***,SSPN 202S
CSPN 2026,Intermediate Spanish I+II (6 credit hrs),SPAN ***,SPAN 2013 & SPAN 2023,,SPAN 201 & 202,SPAN 2010 & 2020,SPAN 201 & 202,,SPAN 2***,SPAN 2101 & 2102,SPAN ***,GHUM 6,SPAN 2101 & 2102,,SPAN 2101 & 2102,SPAN 201 & 202,SPAN 201 & 202,SPAN 201 & 202,SPAN 201 & 202,SPAN 201 & 202,SPAN 2010 & 2020,SPAN 201 & 202,,SPAN 2005,SPAN 2001 & 2002,,SPAN ***,SSPN 201 & 202S
CTHE 1013,Intro to Theatre,THTR 101,THTR 1013,THTR 1000,THEA 101,THEA 1010,THEA 190,THEA 1000,THEA 1010,THTR 1020,THEA 1010,THEA 1013,THTR 1020,THTR 1020,THTR 1020,THEA 160,THEA 100,THTR 100,THEA 161,GFAR 3,THEA 2300,THEA 131,THEA 161,THEA 1091,FTA 1000,STHE 101B,GFAR 3,THEA 110S
CTHE 2103,Acting I,THTR 153,THTR 2103,THTR1300,THEA 111,GFAR 3,THEA 221,THEA 1300,GFAR 3,THTR 2025,THEA 2010,THEA 2103,THTR 1025,THTR 1025,THTR 1025,THEA 261,THEA 211,THTR 210,THEA 171,SPCH 210,THEA 2320,THEA 234,THEA 261,THEA ***,FTA 1300,STHE 201B,GFAR 3,THEA 125S
CTHE 2113,Acting II,THTR 154,THTR 2113,THTR 2110,THEA 211,GFAR 3,GFAR 3,THEA 2110,GFAR 3,GFAR 3,THEA 2020,GFAR 3,THTR 2025,THTR 2025,GFAR 3,GFAR 3,GFAR 3,THTR ***,THEA 295,SPCH ***,THEA 3320 or GFAR 3,THEA 335,THEA 265,THEA ***,FTA 2330,,GFAR 3,THEA 126S
CTHE 2203,Voice for the Stage,THTR 156,THTR 2203,THTR 1400,THEA 136,GFAR 3,GFAR 3,THEA 1400,GFAR 3,GFAR 3,GFAR 3,GFAR 3,THTR 2027,THTR 2027,GFAR 3,THEA 125,THEA 101,THTR 211,THEA 212,SPCH 217,THEA 2340,THEA 201,THEA 201,THEA ***,FTA 4300,,GFAR 3,THEA 140S
CTHE 2303,Stagecraft,THTR 112,THTR 1023,THTR 1010,THEA 103,GFAR 3,THEA 105,THEA 1010,GFAR 3,GFAR 3,GFAR 3,GFAR 3,THTR 1001,GFAR 3,GFAR 3,GFAR 3,THEA 309,THTR 101,THEA 191 or 261 or 291,SPCH ***,THEA 2310,THEA 231,THEA 251,THEA ***,FTA 1100,,GFAR 3,THEA 126S
